Thu Aug 23 13:08:01 2018,1
Thu Aug 23 13:11:16 2018,2
Thu Aug 23 13:14:34 2018,2
Thu Aug 23 13:17:49 2018,2
Thu Aug 23 13:21:05 2018,2
Thu Aug 23 13:24:21 2018,2
Thu Aug 23 13:27:36 2018,2
Thu Aug 23 13:30:52 2018,2
Thu Aug 23 13:34:07 2018,2
Thu Aug 23 13:37:23 2018,2
Thu Aug 23 13:40:39 2018,2
Thu Aug 23 13:43:55 2018,2
Thu Aug 23 13:47:10 2018,2
Thu Aug 23 13:50:26 2018,2
Thu Aug 23 13:53:42 2018,2
Thu Aug 23 13:56:58 2018,2
Thu Aug 23 14:00:14 2018,2
Thu Aug 23 14:03:31 2018,2
Thu Aug 23 14:06:48 2018,5
Thu Aug 23 14:10:08 2018,5
Thu Aug 23 14:13:24 2018,4
Thu Aug 23 14:16:42 2018,4
Thu Aug 23 14:19:58 2018,3
Thu Aug 23 14:23:16 2018,4
Thu Aug 23 14:26:34 2018,2
Thu Aug 23 14:29:54 2018,3
Thu Aug 23 14:33:11 2018,3
Thu Aug 23 14:36:27 2018,3
Thu Aug 23 14:39:43 2018,3
Thu Aug 23 14:42:59 2018,3
Thu Aug 23 14:46:15 2018,3
Thu Aug 23 14:49:31 2018,3
Thu Aug 23 14:52:47 2018,3
Thu Aug 23 14:56:03 2018,3
Thu Aug 23 14:59:19 2018,3
Thu Aug 23 15:02:35 2018,3
Thu Aug 23 15:05:51 2018,3
Thu Aug 23 15:09:07 2018,3
Thu Aug 23 15:12:23 2018,3
Thu Aug 23 15:15:39 2018,3
Thu Aug 23 15:18:54 2018,3
Thu Aug 23 15:22:10 2018,3
Thu Aug 23 15:25:26 2018,3
Thu Aug 23 15:28:42 2018,3
Thu Aug 23 15:31:58 2018,3
Thu Aug 23 15:35:14 2018,3
Thu Aug 23 15:38:30 2018,3
Thu Aug 23 15:41:45 2018,3
Thu Aug 23 15:45:01 2018,3
Thu Aug 23 15:48:17 2018,3
Thu Aug 23 15:51:32 2018,3
Thu Aug 23 15:54:48 2018,3
Thu Aug 23 15:58:03 2018,3
Thu Aug 23 16:01:18 2018,3
Thu Aug 23 16:04:34 2018,3
Thu Aug 23 16:07:49 2018,3
Thu Aug 23 16:11:05 2018,2
Thu Aug 23 16:14:22 2018,2
Thu Aug 23 16:17:38 2018,2
Thu Aug 23 16:20:53 2018,2
Thu Aug 23 16:24:08 2018,2
Thu Aug 23 16:27:24 2018,2
Thu Aug 23 16:30:39 2018,2
Thu Aug 23 16:33:54 2018,3
Thu Aug 23 16:37:11 2018,2
Thu Aug 23 16:40:28 2018,2
Thu Aug 23 16:43:44 2018,2
Thu Aug 23 16:46:59 2018,2
Thu Aug 23 16:50:14 2018,2
