rate	0	0	0	0	0	0	0	0	0	0	0	0	0	0		Wed 26 Sep 2018 12:59:37 AM UTC
rate	644	0	0	644	0	0	0	0	0	0	0	644	0	0		Wed 26 Sep 2018 01:00:07 AM UTC
rate	645	0	0	638	0	0	0	0	0	0	0	638	0	0		Wed 26 Sep 2018 01:00:37 AM UTC
rate	645	0	0	645	0	0	0	0	0	0	0	645	0	0		Wed 26 Sep 2018 01:01:07 AM UTC
rate	643	0	0	642	0	0	0	0	0	0	0	642	0	0		Wed 26 Sep 2018 01:01:38 AM UTC
rate	643	0	0	643	0	0	0	0	0	0	0	643	0	0		Wed 26 Sep 2018 01:02:08 AM UTC
rate	645	0	0	644	0	0	0	0	0	0	0	644	0	0		Wed 26 Sep 2018 01:02:38 AM UTC
rate	645	0	0	639	0	0	0	0	0	0	0	639	0	0		Wed 26 Sep 2018 01:03:08 AM UTC
rate	645	0	0	645	0	0	0	0	0	0	0	645	0	0		Wed 26 Sep 2018 01:03:38 AM UTC
rate	655	0	0	653	0	0	0	0	0	0	0	653	0	0		Wed 26 Sep 2018 01:04:08 AM UTC
rate	655	0	0	653	0	0	0	0	0	0	0	653	0	0		Wed 26 Sep 2018 01:04:39 AM UTC
rate	654	0	0	654	0	0	0	0	0	0	0	654	0	0		Wed 26 Sep 2018 01:05:09 AM UTC
rate	654	0	0	648	0	0	0	0	0	0	0	648	0	0		Wed 26 Sep 2018 01:05:39 AM UTC
rate	668	0	0	667	0	0	0	0	0	0	0	667	0	0		Wed 26 Sep 2018 01:06:09 AM UTC
rate	669	0	0	663	0	0	0	0	0	0	0	663	0	0		Wed 26 Sep 2018 01:06:39 AM UTC
rate	669	0	0	669	0	0	0	0	0	0	0	669	0	0		Wed 26 Sep 2018 01:07:09 AM UTC
rate	670	0	0	670	0	0	0	0	0	0	0	670	0	0		Wed 26 Sep 2018 01:07:40 AM UTC
rate	676	0	0	677	0	0	0	0	0	0	0	677	0	0		Wed 26 Sep 2018 01:08:10 AM UTC
rate	679	0	0	673	0	0	0	0	0	0	0	673	0	0		Wed 26 Sep 2018 01:08:40 AM UTC
rate	679	0	0	679	0	0	0	0	0	0	0	679	0	0		Wed 26 Sep 2018 01:09:10 AM UTC
rate	678	0	0	672	0	0	0	0	0	0	0	672	0	0		Wed 26 Sep 2018 01:09:40 AM UTC
rate	678	0	0	678	0	0	0	0	0	0	0	678	0	0		Wed 26 Sep 2018 01:10:10 AM UTC
rate	681	0	0	681	0	0	0	0	0	0	0	681	0	0		Wed 26 Sep 2018 01:10:40 AM UTC
rate	699	0	0	698	0	0	0	0	0	0	0	698	0	0		Wed 26 Sep 2018 01:11:11 AM UTC
rate	699	0	0	693	0	0	0	0	0	0	0	693	0	0		Wed 26 Sep 2018 01:11:41 AM UTC
rate	712	0	0	712	0	0	0	0	0	0	0	712	0	0		Wed 26 Sep 2018 01:12:11 AM UTC
rate	725	0	0	725	0	0	0	0	0	0	0	725	0	0		Wed 26 Sep 2018 01:12:41 AM UTC
rate	724	0	0	724	0	0	0	0	0	0	0	724	0	0		Wed 26 Sep 2018 01:13:11 AM UTC
rate	724	0	0	724	0	0	0	0	0	0	0	724	0	0		Wed 26 Sep 2018 01:13:41 AM UTC
rate	724	0	0	718	0	0	0	0	0	0	0	718	0	0		Wed 26 Sep 2018 01:14:12 AM UTC
rate	724	0	0	724	0	0	0	0	0	0	0	724	0	0		Wed 26 Sep 2018 01:14:42 AM UTC
rate	724	0	0	725	0	0	0	0	0	0	0	725	0	0		Wed 26 Sep 2018 01:15:12 AM UTC
rate	723	0	0	723	0	0	0	0	0	0	0	723	0	0		Wed 26 Sep 2018 01:15:42 AM UTC
rate	733	0	0	733	0	0	0	0	0	0	0	733	0	0		Wed 26 Sep 2018 01:16:12 AM UTC
rate	733	0	0	733	0	0	0	0	0	0	0	733	0	0		Wed 26 Sep 2018 01:16:42 AM UTC
rate	748	0	0	748	0	0	0	0	0	0	0	748	0	0		Wed 26 Sep 2018 01:17:12 AM UTC
rate	748	0	0	746	0	0	0	0	0	0	0	746	0	0		Wed 26 Sep 2018 01:17:43 AM UTC
rate	749	0	0	749	0	0	0	0	0	0	0	749	0	0		Wed 26 Sep 2018 01:18:13 AM UTC
rate	749	0	0	748	0	0	0	0	0	0	0	748	0	0		Wed 26 Sep 2018 01:18:43 AM UTC
rate	748	0	0	747	0	0	0	0	0	0	0	747	0	0		Wed 26 Sep 2018 01:19:13 AM UTC
rate	748	0	0	749	0	0	0	0	0	0	0	749	0	0		Wed 26 Sep 2018 01:19:43 AM UTC
rate	759	0	0	759	0	0	0	0	0	0	0	759	0	0		Wed 26 Sep 2018 01:20:13 AM UTC
rate	779	0	0	779	0	0	0	0	0	0	0	779	0	0		Wed 26 Sep 2018 01:20:44 AM UTC
rate	780	0	0	772	0	0	0	0	0	0	0	772	0	0		Wed 26 Sep 2018 01:21:14 AM UTC
rate	780	0	0	778	0	0	0	0	0	0	0	778	0	0		Wed 26 Sep 2018 01:21:44 AM UTC
rate	779	0	0	779	0	0	0	0	0	0	0	779	0	0		Wed 26 Sep 2018 01:22:14 AM UTC
rate	795	0	0	795	0	0	0	0	0	0	0	795	0	0		Wed 26 Sep 2018 01:22:44 AM UTC
rate	794	0	0	794	0	0	0	0	0	0	0	794	0	0		Wed 26 Sep 2018 01:23:14 AM UTC
rate	804	0	0	802	0	0	0	0	0	0	0	802	0	0		Wed 26 Sep 2018 01:23:45 AM UTC
rate	804	0	0	803	0	0	0	0	0	0	0	803	0	0		Wed 26 Sep 2018 01:24:15 AM UTC
rate	804	0	0	803	0	0	0	0	0	0	0	803	0	0		Wed 26 Sep 2018 01:24:45 AM UTC
rate	804	0	0	804	0	0	0	0	0	0	0	804	0	0		Wed 26 Sep 2018 01:25:15 AM UTC
rate	805	0	0	804	0	0	0	0	0	0	0	804	0	0		Wed 26 Sep 2018 01:25:45 AM UTC
rate	805	0	0	804	0	0	0	0	0	0	0	804	0	0		Wed 26 Sep 2018 01:26:15 AM UTC
rate	805	0	0	804	0	0	0	0	0	0	0	804	0	0		Wed 26 Sep 2018 01:26:46 AM UTC
rate	831	0	0	829	0	0	0	0	0	0	0	829	0	0		Wed 26 Sep 2018 01:27:16 AM UTC
rate	829	0	0	829	0	0	0	0	0	0	0	829	0	0		Wed 26 Sep 2018 01:27:46 AM UTC
rate	831	0	0	831	0	0	0	0	0	0	0	831	0	0		Wed 26 Sep 2018 01:28:16 AM UTC
rate	850	0	0	848	0	0	0	0	0	0	0	848	0	0		Wed 26 Sep 2018 01:28:46 AM UTC
rate	849	0	0	847	0	0	0	0	0	0	0	847	0	0		Wed 26 Sep 2018 01:29:16 AM UTC
rate	849	0	0	849	0	0	0	0	0	0	0	849	0	0		Wed 26 Sep 2018 01:29:47 AM UTC
rate	850	0	0	847	0	0	0	0	0	0	0	847	0	0		Wed 26 Sep 2018 01:30:17 AM UTC
rate	858	0	0	858	0	0	0	0	0	0	0	858	0	0		Wed 26 Sep 2018 01:30:47 AM UTC
rate	860	0	0	860	0	0	0	0	0	0	0	860	0	0		Wed 26 Sep 2018 01:31:17 AM UTC
rate	874	0	0	874	0	0	0	0	0	0	0	874	0	0		Wed 26 Sep 2018 01:31:47 AM UTC
rate	875	0	0	873	0	0	0	0	0	0	0	873	0	0		Wed 26 Sep 2018 01:32:17 AM UTC
rate	875	0	0	873	0	0	0	0	0	0	0	873	0	0		Wed 26 Sep 2018 01:32:48 AM UTC
rate	874	0	0	874	0	0	0	0	0	0	0	874	0	0		Wed 26 Sep 2018 01:33:18 AM UTC
rate	874	0	0	874	0	0	0	0	0	0	0	874	0	0		Wed 26 Sep 2018 01:33:48 AM UTC
rate	884	0	0	884	0	0	0	0	0	0	0	884	0	0		Wed 26 Sep 2018 01:34:18 AM UTC
rate	884	0	0	882	0	0	0	0	0	0	0	882	0	0		Wed 26 Sep 2018 01:34:48 AM UTC
rate	882	0	0	882	0	0	0	0	0	0	0	882	0	0		Wed 26 Sep 2018 01:35:18 AM UTC
rate	882	0	0	875	0	0	0	0	0	0	0	875	0	0		Wed 26 Sep 2018 01:35:49 AM UTC
rate	918	0	0	918	0	0	0	0	0	0	0	918	0	0		Wed 26 Sep 2018 01:36:19 AM UTC
rate	919	0	0	919	0	0	0	0	0	0	0	919	0	0		Wed 26 Sep 2018 01:36:49 AM UTC
rate	919	0	0	919	0	0	0	0	0	0	0	919	0	0		Wed 26 Sep 2018 01:37:19 AM UTC
rate	929	0	0	929	0	0	0	0	0	0	0	929	0	0		Wed 26 Sep 2018 01:37:49 AM UTC
rate	929	0	0	920	0	0	0	0	0	0	0	920	0	0		Wed 26 Sep 2018 01:38:19 AM UTC
rate	928	0	0	928	0	0	0	0	0	0	0	928	0	0		Wed 26 Sep 2018 01:38:50 AM UTC
rate	928	0	0	928	0	0	0	0	0	0	0	928	0	0		Wed 26 Sep 2018 01:39:20 AM UTC
rate	929	0	0	928	0	0	0	0	0	0	0	928	0	0		Wed 26 Sep 2018 01:39:50 AM UTC
rate	944	0	0	471	471	0	0	0	0	0	0	943	0	0		Wed 26 Sep 2018 01:40:20 AM UTC
rate	954	0	0	477	477	0	0	0	0	0	0	954	0	0		Wed 26 Sep 2018 01:40:50 AM UTC
rate	953	0	0	476	476	0	0	0	0	0	0	953	0	0		Wed 26 Sep 2018 01:41:20 AM UTC
rate	954	0	0	476	476	0	0	0	0	0	0	953	0	0		Wed 26 Sep 2018 01:41:51 AM UTC
rate	954	0	0	472	472	0	0	0	0	0	0	945	0	0		Wed 26 Sep 2018 01:42:21 AM UTC
rate	974	0	0	481	482	0	0	0	0	0	0	964	0	0		Wed 26 Sep 2018 01:42:51 AM UTC
rate	975	0	0	486	486	0	0	0	0	0	0	973	0	0		Wed 26 Sep 2018 01:43:21 AM UTC
rate	975	0	0	487	487	0	0	0	0	0	0	974	0	0		Wed 26 Sep 2018 01:43:51 AM UTC
rate	999	0	0	500	499	0	0	0	0	0	0	999	0	0		Wed 26 Sep 2018 01:44:21 AM UTC
rate	998	0	0	499	499	0	0	0	0	0	0	998	0	0		Wed 26 Sep 2018 01:44:51 AM UTC
rate	999	0	0	494	495	0	0	0	0	0	0	990	0	0		Wed 26 Sep 2018 01:45:22 AM UTC
rate	999	0	0	499	499	0	0	0	0	0	0	999	0	0		Wed 26 Sep 2018 01:45:52 AM UTC
rate	999	0	0	498	498	0	0	0	0	0	0	997	0	0		Wed 26 Sep 2018 01:46:22 AM UTC
rate	999	0	0	498	499	0	0	0	0	0	0	997	0	0		Wed 26 Sep 2018 01:46:52 AM UTC
rate	1009	0	0	504	503	0	0	0	0	0	0	1007	0	0		Wed 26 Sep 2018 01:47:22 AM UTC
rate	1009	0	0	504	504	0	0	0	0	0	0	1008	0	0		Wed 26 Sep 2018 01:47:52 AM UTC
rate	1025	0	0	511	511	0	0	0	0	0	0	1022	0	0		Wed 26 Sep 2018 01:48:23 AM UTC
rate	1044	0	0	521	522	0	0	0	0	0	0	1043	0	0		Wed 26 Sep 2018 01:48:53 AM UTC
rate	1044	0	0	522	521	0	0	0	0	0	0	1044	0	0		Wed 26 Sep 2018 01:49:23 AM UTC
rate	1044	0	0	522	521	0	0	0	0	0	0	1044	0	0		Wed 26 Sep 2018 01:49:53 AM UTC
rate	1054	0	0	527	527	0	0	0	0	0	0	1054	0	0		Wed 26 Sep 2018 01:50:23 AM UTC
rate	1054	0	0	526	527	0	0	0	0	0	0	1054	0	0		Wed 26 Sep 2018 01:50:53 AM UTC
rate	1055	0	0	526	526	0	0	0	0	0	0	1053	0	0		Wed 26 Sep 2018 01:51:24 AM UTC
rate	1069	0	0	534	535	0	0	0	0	0	0	1069	0	0		Wed 26 Sep 2018 01:51:54 AM UTC
rate	1069	0	0	535	534	0	0	0	0	0	0	1069	0	0		Wed 26 Sep 2018 01:52:24 AM UTC
rate	1067	0	0	534	533	0	0	0	0	0	0	1067	0	0		Wed 26 Sep 2018 01:52:54 AM UTC
rate	1081	0	0	540	541	0	0	0	0	0	0	1081	0	0		Wed 26 Sep 2018 01:53:24 AM UTC
rate	1079	0	0	539	539	0	0	0	0	0	0	1078	0	0		Wed 26 Sep 2018 01:53:54 AM UTC
rate	1097	0	0	549	548	0	0	0	0	0	0	1097	0	0		Wed 26 Sep 2018 01:54:25 AM UTC
rate	1098	0	0	548	547	0	0	0	0	0	0	1096	0	0		Wed 26 Sep 2018 01:54:55 AM UTC
rate	1114	0	0	556	557	0	0	0	0	0	0	1114	0	0		Wed 26 Sep 2018 01:55:25 AM UTC
rate	1120	0	0	559	558	0	0	0	0	0	0	1118	0	0		Wed 26 Sep 2018 01:55:55 AM UTC
rate	1124	0	0	561	562	0	0	0	0	0	0	1123	0	0		Wed 26 Sep 2018 01:56:25 AM UTC
rate	1123	0	0	560	561	0	0	0	0	0	0	1122	0	0		Wed 26 Sep 2018 01:56:55 AM UTC
rate	1125	0	0	560	561	0	0	0	0	0	0	1122	0	0		Wed 26 Sep 2018 01:57:26 AM UTC
rate	1123	0	0	561	561	0	0	0	0	0	0	1122	0	0		Wed 26 Sep 2018 01:57:56 AM UTC
rate	1124	0	0	561	562	0	0	0	0	0	0	1123	0	0		Wed 26 Sep 2018 01:58:26 AM UTC
rate	1148	0	0	574	573	0	0	0	0	0	0	1148	0	0		Wed 26 Sep 2018 01:58:56 AM UTC
rate	1148	0	0	574	573	0	0	0	0	0	0	1148	0	0		Wed 26 Sep 2018 01:59:26 AM UTC
rate	1170	0	0	583	584	0	0	0	0	0	0	1167	0	0		Wed 26 Sep 2018 01:59:56 AM UTC
rate	1168	0	0	583	584	0	0	0	0	0	0	1168	0	0		Wed 26 Sep 2018 02:00:27 AM UTC
rate	1168	0	0	582	583	0	0	0	0	0	0	1165	0	0		Wed 26 Sep 2018 02:00:57 AM UTC
rate	1169	0	0	583	584	0	0	0	0	0	0	1167	0	0		Wed 26 Sep 2018 02:01:27 AM UTC
rate	1195	0	0	596	596	0	0	0	0	0	0	1193	0	0		Wed 26 Sep 2018 02:01:57 AM UTC
rate	1192	0	0	595	596	0	0	0	0	0	0	1192	0	0		Wed 26 Sep 2018 02:02:27 AM UTC
rate	1195	0	0	596	596	0	0	0	0	0	0	1192	0	0		Wed 26 Sep 2018 02:02:57 AM UTC
rate	1193	0	0	596	595	0	0	0	0	0	0	1192	0	0		Wed 26 Sep 2018 02:03:28 AM UTC
rate	1193	0	0	595	595	0	0	0	0	0	0	1191	0	0		Wed 26 Sep 2018 02:03:58 AM UTC
rate	1224	0	0	611	611	0	0	0	0	0	0	1223	0	0		Wed 26 Sep 2018 02:04:28 AM UTC
rate	1224	0	0	610	611	0	0	0	0	0	0	1222	0	0		Wed 26 Sep 2018 02:04:58 AM UTC
rate	1238	0	0	618	618	0	0	0	0	0	0	1237	0	0		Wed 26 Sep 2018 02:05:28 AM UTC
rate	1239	0	0	620	619	0	0	0	0	0	0	1239	0	0		Wed 26 Sep 2018 02:05:58 AM UTC
rate	1238	0	0	617	617	0	0	0	0	0	0	1235	0	0		Wed 26 Sep 2018 02:06:29 AM UTC
rate	1250	0	0	624	624	0	0	0	0	0	0	1249	0	0		Wed 26 Sep 2018 02:06:59 AM UTC
rate	1248	0	0	623	623	0	0	0	0	0	0	1247	0	0		Wed 26 Sep 2018 02:07:29 AM UTC
rate	1249	0	0	622	623	0	0	0	0	0	0	1246	0	0		Wed 26 Sep 2018 02:07:59 AM UTC
rate	1264	0	0	630	631	0	0	0	0	0	0	1261	0	0		Wed 26 Sep 2018 02:08:29 AM UTC
rate	1284	0	0	641	641	0	0	0	0	0	0	1282	0	0		Wed 26 Sep 2018 02:09:00 AM UTC
rate	1285	0	0	641	641	0	0	0	0	0	0	1283	0	0		Wed 26 Sep 2018 02:09:30 AM UTC
rate	1295	0	0	646	647	0	0	0	0	0	0	1293	0	0		Wed 26 Sep 2018 02:10:00 AM UTC
rate	1294	0	0	646	646	0	0	0	0	0	0	1293	0	0		Wed 26 Sep 2018 02:10:30 AM UTC
rate	1308	0	0	653	652	0	0	0	0	0	0	1305	0	0		Wed 26 Sep 2018 02:11:00 AM UTC
rate	1310	0	0	653	654	0	0	0	0	0	0	1307	0	0		Wed 26 Sep 2018 02:11:30 AM UTC
rate	1307	0	0	654	653	0	0	0	0	0	0	1307	0	0		Wed 26 Sep 2018 02:12:01 AM UTC
rate	1319	0	0	658	658	0	0	0	0	0	0	1317	0	0		Wed 26 Sep 2018 02:12:31 AM UTC
rate	1338	0	0	669	668	0	0	0	0	0	0	1338	0	0		Wed 26 Sep 2018 02:13:01 AM UTC
rate	1339	0	0	669	669	0	0	0	0	0	0	1338	0	0		Wed 26 Sep 2018 02:13:31 AM UTC
rate	1353	0	0	675	675	0	0	0	0	0	0	1351	0	0		Wed 26 Sep 2018 02:14:01 AM UTC
rate	1353	0	0	675	675	0	0	0	0	0	0	1351	0	0		Wed 26 Sep 2018 02:14:31 AM UTC
rate	1363	0	0	679	680	0	0	0	0	0	0	1360	0	0		Wed 26 Sep 2018 02:15:02 AM UTC
rate	1365	0	0	681	680	0	0	0	0	0	0	1362	0	0		Wed 26 Sep 2018 02:15:32 AM UTC
rate	1363	0	0	681	681	0	0	0	0	0	0	1363	0	0		Wed 26 Sep 2018 02:16:02 AM UTC
rate	1363	0	0	681	680	0	0	0	0	0	0	1361	0	0		Wed 26 Sep 2018 02:16:32 AM UTC
rate	1398	0	0	698	697	0	0	0	0	0	0	1396	0	0		Wed 26 Sep 2018 02:17:02 AM UTC
rate	1409	0	0	702	703	0	0	0	0	0	0	1406	0	0		Wed 26 Sep 2018 02:17:33 AM UTC
rate	1411	0	0	704	704	0	0	0	0	0	0	1408	0	0		Wed 26 Sep 2018 02:18:03 AM UTC
rate	1409	0	0	704	704	0	0	0	0	0	0	1408	0	0		Wed 26 Sep 2018 02:18:33 AM UTC
rate	1407	0	0	703	703	0	0	0	0	0	0	1406	0	0		Wed 26 Sep 2018 02:19:03 AM UTC
rate	1434	0	0	715	716	0	0	0	0	0	0	1431	0	0		Wed 26 Sep 2018 02:19:33 AM UTC
rate	1435	0	0	717	717	0	0	0	0	0	0	1435	0	0		Wed 26 Sep 2018 02:20:03 AM UTC
rate	1454	0	0	725	725	0	0	0	0	0	0	1451	0	0		Wed 26 Sep 2018 02:20:34 AM UTC
rate	1456	0	0	726	726	0	0	0	0	0	0	1453	0	0		Wed 26 Sep 2018 02:21:04 AM UTC
rate	1453	0	0	726	727	0	0	0	0	0	0	1453	0	0		Wed 26 Sep 2018 02:21:34 AM UTC
rate	1478	0	0	737	737	0	0	0	0	0	0	1475	0	0		Wed 26 Sep 2018 02:22:04 AM UTC
rate	1480	0	0	740	740	0	0	0	0	0	0	1480	0	0		Wed 26 Sep 2018 02:22:34 AM UTC
rate	1479	0	0	734	735	0	0	0	0	0	0	1469	0	0		Wed 26 Sep 2018 02:23:05 AM UTC
rate	1479	0	0	739	738	0	0	0	0	0	0	1478	0	0		Wed 26 Sep 2018 02:23:35 AM UTC
rate	1500	0	0	748	748	0	0	0	0	0	0	1497	0	0		Wed 26 Sep 2018 02:24:05 AM UTC
rate	1524	0	0	760	761	0	0	0	0	0	0	1521	0	0		Wed 26 Sep 2018 02:24:35 AM UTC
rate	1524	0	0	760	760	0	0	0	0	0	0	1521	0	0		Wed 26 Sep 2018 02:25:05 AM UTC
rate	1522	0	0	761	760	0	0	0	0	0	0	1522	0	0		Wed 26 Sep 2018 02:25:35 AM UTC
rate	1523	0	0	760	761	0	0	0	0	0	0	1521	0	0		Wed 26 Sep 2018 02:26:06 AM UTC
rate	1532	0	0	765	764	0	0	0	0	0	0	1530	0	0		Wed 26 Sep 2018 02:26:36 AM UTC
rate	1549	0	0	774	773	0	0	0	0	0	0	1547	0	0		Wed 26 Sep 2018 02:27:06 AM UTC
rate	1570	0	0	782	783	0	0	0	0	0	0	1566	0	0		Wed 26 Sep 2018 02:27:36 AM UTC
rate	1568	0	0	782	783	0	0	0	0	0	0	1565	0	0		Wed 26 Sep 2018 02:28:06 AM UTC
rate	1570	0	0	783	783	0	0	0	0	0	0	1567	0	0		Wed 26 Sep 2018 02:28:36 AM UTC
rate	1577	0	0	786	787	0	0	0	0	0	0	1574	0	0		Wed 26 Sep 2018 02:29:07 AM UTC
rate	1593	0	0	796	796	0	0	0	0	0	0	1592	0	0		Wed 26 Sep 2018 02:29:37 AM UTC
rate	1594	0	0	796	795	0	0	0	0	0	0	1592	0	0		Wed 26 Sep 2018 02:30:07 AM UTC
rate	1613	0	0	804	804	0	0	0	0	0	0	1609	0	0		Wed 26 Sep 2018 02:30:37 AM UTC
rate	1624	0	0	812	811	0	0	0	0	0	0	1624	0	0		Wed 26 Sep 2018 02:31:07 AM UTC
rate	1638	0	0	817	818	0	0	0	0	0	0	1635	0	0		Wed 26 Sep 2018 02:31:38 AM UTC
rate	1639	0	0	818	818	0	0	0	0	0	0	1636	0	0		Wed 26 Sep 2018 02:32:08 AM UTC
rate	1639	0	0	817	817	0	0	0	0	0	0	1635	0	0		Wed 26 Sep 2018 02:32:38 AM UTC
rate	1639	0	0	811	812	0	0	0	0	0	0	1624	0	0		Wed 26 Sep 2018 02:33:08 AM UTC
rate	1670	0	0	833	833	0	0	0	0	0	0	1667	0	0		Wed 26 Sep 2018 02:33:38 AM UTC
rate	1682	0	0	840	841	0	0	0	0	0	0	1682	0	0		Wed 26 Sep 2018 02:34:08 AM UTC
rate	1684	0	0	842	842	0	0	0	0	0	0	1684	0	0		Wed 26 Sep 2018 02:34:39 AM UTC
rate	1684	0	0	841	841	0	0	0	0	0	0	1682	0	0		Wed 26 Sep 2018 02:35:09 AM UTC
rate	1694	0	0	840	839	0	0	0	0	0	0	1679	0	0		Wed 26 Sep 2018 02:35:39 AM UTC
rate	1709	0	0	852	853	0	0	0	0	0	0	1705	0	0		Wed 26 Sep 2018 02:36:09 AM UTC
rate	1728	0	0	864	864	0	0	0	0	0	0	1728	0	0		Wed 26 Sep 2018 02:36:39 AM UTC
rate	1730	0	0	862	863	0	0	0	0	0	0	1726	0	0		Wed 26 Sep 2018 02:37:10 AM UTC
rate	1738	0	0	868	869	0	0	0	0	0	0	1738	0	0		Wed 26 Sep 2018 02:37:40 AM UTC
rate	1754	0	0	869	869	0	0	0	0	0	0	1739	0	0		Wed 26 Sep 2018 02:38:10 AM UTC
rate	1752	0	0	874	875	0	0	0	0	0	0	1749	0	0		Wed 26 Sep 2018 02:38:40 AM UTC
rate	1754	0	0	876	875	0	0	0	0	0	0	1751	0	0		Wed 26 Sep 2018 02:39:10 AM UTC
rate	1783	0	0	891	891	0	0	0	0	0	0	1783	0	0		Wed 26 Sep 2018 02:39:40 AM UTC
rate	1784	0	0	891	892	0	0	0	0	0	0	1784	0	0		Wed 26 Sep 2018 02:40:11 AM UTC
rate	1798	597	0	598	597	0	0	0	0	0	0	1793	0	0		Wed 26 Sep 2018 02:40:41 AM UTC
rate	1799	597	0	597	598	0	0	0	0	0	0	1794	0	0		Wed 26 Sep 2018 02:41:11 AM UTC
rate	1809	601	0	602	601	0	0	0	0	0	0	1805	0	0		Wed 26 Sep 2018 02:41:41 AM UTC
rate	1830	609	0	608	609	0	0	0	0	0	0	1826	0	0		Wed 26 Sep 2018 02:42:11 AM UTC
rate	1842	614	0	614	614	0	0	0	0	0	0	1842	0	0		Wed 26 Sep 2018 02:42:42 AM UTC
rate	1844	614	0	613	613	0	0	0	0	0	0	1840	0	0		Wed 26 Sep 2018 02:43:12 AM UTC
rate	1855	616	0	617	616	0	0	0	0	0	0	1850	0	0		Wed 26 Sep 2018 02:43:42 AM UTC
rate	1854	616	0	615	616	0	0	0	0	0	0	1848	0	0		Wed 26 Sep 2018 02:44:12 AM UTC
rate	1890	629	0	630	629	0	0	0	0	0	0	1889	0	0		Wed 26 Sep 2018 02:44:42 AM UTC
rate	1888	630	0	629	629	0	0	0	0	0	0	1888	0	0		Wed 26 Sep 2018 02:45:13 AM UTC
rate	1898	631	0	631	632	0	0	0	0	0	0	1895	0	0		Wed 26 Sep 2018 02:45:43 AM UTC
rate	1887	627	0	627	627	0	0	0	0	0	0	1882	0	0		Wed 26 Sep 2018 02:46:13 AM UTC
rate	1914	636	0	637	636	0	0	0	0	0	0	1910	0	0		Wed 26 Sep 2018 02:46:43 AM UTC
rate	1934	643	0	644	643	0	0	0	0	0	0	1930	0	0		Wed 26 Sep 2018 02:47:13 AM UTC
rate	1945	647	0	647	646	0	0	0	0	0	0	1941	0	0		Wed 26 Sep 2018 02:47:43 AM UTC
rate	1956	646	0	646	646	0	0	0	0	0	0	1940	0	0		Wed 26 Sep 2018 02:48:14 AM UTC
rate	1959	653	0	653	653	0	0	0	0	0	0	1959	0	0		Wed 26 Sep 2018 02:48:44 AM UTC
rate	1959	653	0	653	652	0	0	0	0	0	0	1958	0	0		Wed 26 Sep 2018 02:49:14 AM UTC
rate	1990	662	0	661	661	0	0	0	0	0	0	1984	0	0		Wed 26 Sep 2018 02:49:44 AM UTC
rate	2003	667	0	668	667	0	0	0	0	0	0	2003	0	0		Wed 26 Sep 2018 02:50:14 AM UTC
rate	2004	661	0	662	662	0	0	0	0	0	0	1986	0	0		Wed 26 Sep 2018 02:50:45 AM UTC
rate	2003	666	0	666	666	0	0	0	0	0	0	1999	0	0		Wed 26 Sep 2018 02:51:15 AM UTC
rate	2031	677	0	676	677	0	0	0	0	0	0	2031	0	0		Wed 26 Sep 2018 02:51:45 AM UTC
rate	2050	681	0	681	681	0	0	0	0	0	0	2043	0	0		Wed 26 Sep 2018 02:52:15 AM UTC
rate	2050	682	0	683	682	0	0	0	0	0	0	2048	0	0		Wed 26 Sep 2018 02:52:45 AM UTC
rate	2047	680	0	680	681	0	0	0	0	0	0	2043	0	0		Wed 26 Sep 2018 02:53:16 AM UTC
rate	2073	690	0	690	690	0	0	0	0	0	0	2072	0	0		Wed 26 Sep 2018 02:53:46 AM UTC
rate	2094	696	0	696	696	0	0	0	0	0	0	2089	0	0		Wed 26 Sep 2018 02:54:16 AM UTC
rate	2094	696	0	696	696	0	0	0	0	0	0	2089	0	0		Wed 26 Sep 2018 02:54:46 AM UTC
rate	2101	698	0	699	699	0	0	0	0	0	0	2096	0	0		Wed 26 Sep 2018 02:55:16 AM UTC
rate	2119	705	0	705	705	0	0	0	0	0	0	2116	0	0		Wed 26 Sep 2018 02:55:47 AM UTC
rate	2138	711	0	711	712	0	0	0	0	0	0	2135	0	0		Wed 26 Sep 2018 02:56:17 AM UTC
rate	2138	712	0	711	711	0	0	0	0	0	0	2135	0	0		Wed 26 Sep 2018 02:56:47 AM UTC
rate	2162	721	0	720	720	0	0	0	0	0	0	2163	0	0		Wed 26 Sep 2018 02:57:17 AM UTC
rate	2164	719	0	720	719	0	0	0	0	0	0	2158	0	0		Wed 26 Sep 2018 02:57:47 AM UTC
rate	2183	722	0	721	721	0	0	0	0	0	0	2166	0	0		Wed 26 Sep 2018 02:58:17 AM UTC
rate	2193	730	0	730	731	0	0	0	0	0	0	2193	0	0		Wed 26 Sep 2018 02:58:48 AM UTC
rate	2208	733	0	733	733	0	0	0	0	0	0	2201	0	0		Wed 26 Sep 2018 02:59:18 AM UTC
rate	2209	733	0	733	733	0	0	0	0	0	0	2199	0	0		Wed 26 Sep 2018 02:59:48 AM UTC
rate	2228	740	0	740	741	0	0	0	0	0	0	2222	0	0		Wed 26 Sep 2018 03:00:18 AM UTC
rate	2252	742	0	742	742	0	0	0	0	0	0	2228	0	0		Wed 26 Sep 2018 03:00:48 AM UTC
rate	2254	750	0	749	749	0	0	0	0	0	0	2248	0	0		Wed 26 Sep 2018 03:01:19 AM UTC
rate	2252	750	0	750	750	0	0	0	0	0	0	2251	0	0		Wed 26 Sep 2018 03:01:49 AM UTC
rate	2300	764	0	764	764	0	0	0	0	0	0	2294	0	0		Wed 26 Sep 2018 03:02:19 AM UTC
rate	2299	767	0	766	766	0	0	0	0	0	0	2299	0	0		Wed 26 Sep 2018 03:02:49 AM UTC
rate	2298	766	0	765	766	0	0	0	0	0	0	2298	0	0		Wed 26 Sep 2018 03:03:19 AM UTC
rate	2312	770	0	770	769	0	0	0	0	0	0	2311	0	0		Wed 26 Sep 2018 03:03:50 AM UTC
rate	2344	779	0	779	779	0	0	0	0	0	0	2338	0	0		Wed 26 Sep 2018 03:04:20 AM UTC
rate	2343	580	580	581	580	0	0	0	0	0	0	2323	0	0		Wed 26 Sep 2018 03:04:50 AM UTC
rate	2340	585	584	585	584	0	0	0	0	0	0	2340	0	0		Wed 26 Sep 2018 03:05:20 AM UTC
rate	2389	596	595	595	595	0	0	0	0	0	0	2383	0	0		Wed 26 Sep 2018 03:05:50 AM UTC
rate	2388	594	594	595	594	0	0	0	0	0	0	2379	0	0		Wed 26 Sep 2018 03:06:21 AM UTC
rate	2388	595	594	594	595	0	0	0	0	0	0	2380	0	0		Wed 26 Sep 2018 03:06:51 AM UTC
rate	2405	601	601	601	601	0	0	0	0	0	0	2405	0	0		Wed 26 Sep 2018 03:07:21 AM UTC
rate	2433	607	606	606	607	0	0	0	0	0	0	2426	0	0		Wed 26 Sep 2018 03:07:51 AM UTC
rate	2431	607	608	607	608	0	0	0	0	0	0	2431	0	0		Wed 26 Sep 2018 03:08:21 AM UTC
rate	2449	610	610	610	610	0	0	0	0	0	0	2440	0	0		Wed 26 Sep 2018 03:08:52 AM UTC
rate	2454	612	611	611	611	0	0	0	0	0	0	2445	0	0		Wed 26 Sep 2018 03:09:22 AM UTC
rate	2476	618	618	618	617	0	0	0	0	0	0	2472	0	0		Wed 26 Sep 2018 03:09:52 AM UTC
rate	2495	621	621	622	621	0	0	0	0	0	0	2487	0	0		Wed 26 Sep 2018 03:10:22 AM UTC
rate	2504	626	626	626	626	0	0	0	0	0	0	2504	0	0		Wed 26 Sep 2018 03:10:52 AM UTC
rate	2521	629	628	629	628	0	0	0	0	0	0	2514	0	0		Wed 26 Sep 2018 03:11:23 AM UTC
rate	2539	634	635	635	634	0	0	0	0	0	0	2538	0	0		Wed 26 Sep 2018 03:11:53 AM UTC
rate	2547	635	635	635	635	0	0	0	0	0	0	2541	0	0		Wed 26 Sep 2018 03:12:23 AM UTC
rate	2583	644	643	643	644	0	0	0	0	0	0	2575	0	0		Wed 26 Sep 2018 03:12:53 AM UTC
rate	2581	642	643	642	642	0	0	0	0	0	0	2571	0	0		Wed 26 Sep 2018 03:13:23 AM UTC
rate	2584	642	643	643	642	0	0	0	0	0	0	2571	0	0		Wed 26 Sep 2018 03:13:54 AM UTC
rate	2628	654	655	654	654	0	0	0	0	0	0	2617	0	0		Wed 26 Sep 2018 03:14:24 AM UTC
rate	2628	656	657	657	656	0	0	0	0	0	0	2627	0	0		Wed 26 Sep 2018 03:14:54 AM UTC
rate	2627	656	657	656	657	0	0	0	0	0	0	2627	0	0		Wed 26 Sep 2018 03:15:24 AM UTC
rate	2653	662	661	662	661	0	0	0	0	0	0	2646	0	0		Wed 26 Sep 2018 03:15:55 AM UTC
rate	2673	666	666	666	666	0	0	0	0	0	0	2665	0	0		Wed 26 Sep 2018 03:16:25 AM UTC
rate	2672	666	667	666	667	0	0	0	0	0	0	2667	0	0		Wed 26 Sep 2018 03:16:55 AM UTC
rate	2698	671	671	671	672	0	0	0	0	0	0	2687	0	0		Wed 26 Sep 2018 03:17:25 AM UTC
rate	2717	677	676	677	677	0	0	0	0	0	0	2710	0	0		Wed 26 Sep 2018 03:17:55 AM UTC
rate	2734	681	682	681	681	0	0	0	0	0	0	2727	0	0		Wed 26 Sep 2018 03:18:26 AM UTC
rate	2743	685	686	686	685	0	0	0	0	0	0	2743	0	0		Wed 26 Sep 2018 03:18:56 AM UTC
rate	2763	690	690	690	690	0	0	0	0	0	0	2760	0	0		Wed 26 Sep 2018 03:19:26 AM UTC
rate	2778	691	691	691	691	0	0	0	0	0	0	2766	0	0		Wed 26 Sep 2018 03:19:56 AM UTC
rate	2787	696	696	696	697	0	0	0	0	0	0	2787	0	0		Wed 26 Sep 2018 03:20:27 AM UTC
rate	2806	701	701	702	701	0	0	0	0	0	0	2806	0	0		Wed 26 Sep 2018 03:20:57 AM UTC
rate	2822	703	704	703	703	0	0	0	0	0	0	2816	0	0		Wed 26 Sep 2018 03:21:27 AM UTC
rate	2832	703	703	703	702	0	0	0	0	0	0	2814	0	0		Wed 26 Sep 2018 03:21:57 AM UTC
rate	2865	715	716	716	716	0	0	0	0	0	0	2865	0	0		Wed 26 Sep 2018 03:22:27 AM UTC
rate	2868	717	717	716	717	0	0	0	0	0	0	2867	0	0		Wed 26 Sep 2018 03:22:58 AM UTC
rate	2899	724	724	725	724	0	0	0	0	0	0	2899	0	0		Wed 26 Sep 2018 03:23:28 AM UTC
rate	2911	725	726	725	725	0	0	0	0	0	0	2904	0	0		Wed 26 Sep 2018 03:23:58 AM UTC
rate	2914	728	727	728	728	0	0	0	0	0	0	2913	0	0		Wed 26 Sep 2018 03:24:28 AM UTC
rate	2958	738	739	739	738	0	0	0	0	0	0	2957	0	0		Wed 26 Sep 2018 03:24:58 AM UTC
rate	2957	738	739	739	739	0	0	0	0	0	0	2957	0	0		Wed 26 Sep 2018 03:25:29 AM UTC
rate	2956	738	739	738	739	0	0	0	0	0	0	2956	0	0		Wed 26 Sep 2018 03:25:59 AM UTC
rate	3002	748	748	748	748	0	0	0	0	0	0	2993	0	0		Wed 26 Sep 2018 03:26:29 AM UTC
rate	3002	751	750	750	751	0	0	0	0	0	0	3002	0	0		Wed 26 Sep 2018 03:26:59 AM UTC
rate	3040	757	757	756	757	0	0	0	0	0	0	3030	0	0		Wed 26 Sep 2018 03:27:29 AM UTC
rate	3046	761	761	761	761	0	0	0	0	0	0	3046	0	0		Wed 26 Sep 2018 03:28:00 AM UTC
rate	3048	761	762	761	761	0	0	0	0	0	0	3048	0	0		Wed 26 Sep 2018 03:28:30 AM UTC
rate	3081	767	767	767	767	0	0	0	0	0	0	3068	0	0		Wed 26 Sep 2018 03:29:00 AM UTC
rate	3092	770	770	770	770	0	0	0	0	0	0	3083	0	0		Wed 26 Sep 2018 03:29:30 AM UTC
rate	3107	777	776	776	777	0	0	0	0	0	0	3107	0	0		Wed 26 Sep 2018 03:30:01 AM UTC
rate	3136	783	784	783	784	0	0	0	0	0	0	3136	0	0		Wed 26 Sep 2018 03:30:31 AM UTC
rate	3154	785	785	785	785	0	0	0	0	0	0	3142	0	0		Wed 26 Sep 2018 03:31:01 AM UTC
rate	3172	792	792	792	792	0	0	0	0	0	0	3169	0	0		Wed 26 Sep 2018 03:31:31 AM UTC
rate	3181	795	795	795	795	0	0	0	0	0	0	3181	0	0		Wed 26 Sep 2018 03:32:02 AM UTC
rate	3196	798	798	798	799	0	0	0	0	0	0	3196	0	0		Wed 26 Sep 2018 03:32:32 AM UTC
rate	3219	804	805	805	804	0	0	0	0	0	0	3219	0	0		Wed 26 Sep 2018 03:33:02 AM UTC
rate	3243	808	808	808	808	0	0	0	0	0	0	3234	0	0		Wed 26 Sep 2018 03:33:32 AM UTC
rate	3264	812	812	812	813	0	0	0	0	0	0	3251	0	0		Wed 26 Sep 2018 03:34:02 AM UTC
rate	3275	654	655	654	654	654	0	0	0	0	0	3275	0	0		Wed 26 Sep 2018 03:34:33 AM UTC
rate	3307	659	659	659	659	659	0	0	0	0	0	3295	0	0		Wed 26 Sep 2018 03:35:03 AM UTC
rate	3304	656	657	657	656	656	0	0	0	0	0	3285	0	0		Wed 26 Sep 2018 03:35:33 AM UTC
rate	3335	663	664	664	663	664	0	0	0	0	0	3321	0	0		Wed 26 Sep 2018 03:36:03 AM UTC
rate	3354	671	671	671	671	670	0	0	0	0	0	3354	0	0		Wed 26 Sep 2018 03:36:34 AM UTC
rate	3366	669	669	669	669	669	0	0	0	0	0	3348	0	0		Wed 26 Sep 2018 03:37:04 AM UTC
rate	3395	676	676	676	676	677	0	0	0	0	0	3384	0	0		Wed 26 Sep 2018 03:37:34 AM UTC
rate	3411	679	679	679	679	679	0	0	0	0	0	3399	0	0		Wed 26 Sep 2018 03:38:04 AM UTC
rate	3434	687	686	686	686	686	0	0	0	0	0	3433	0	0		Wed 26 Sep 2018 03:38:35 AM UTC
rate	3458	687	687	687	687	687	0	0	0	0	0	3438	0	0		Wed 26 Sep 2018 03:39:05 AM UTC
rate	3477	692	692	692	692	692	0	0	0	0	0	3464	0	0		Wed 26 Sep 2018 03:39:35 AM UTC
rate	3502	698	698	698	697	698	0	0	0	0	0	3490	0	0		Wed 26 Sep 2018 03:40:05 AM UTC
rate	3497	694	695	694	695	695	0	0	0	0	0	3477	0	0		Wed 26 Sep 2018 03:40:35 AM UTC
rate	3535	707	706	707	707	706	0	0	0	0	0	3535	0	0		Wed 26 Sep 2018 03:41:06 AM UTC
rate	3545	708	708	708	708	708	0	0	0	0	0	3544	0	0		Wed 26 Sep 2018 03:41:36 AM UTC
rate	3582	713	713	713	714	713	0	0	0	0	0	3568	0	0		Wed 26 Sep 2018 03:42:06 AM UTC
rate	3594	717	718	717	717	718	0	0	0	0	0	3590	0	0		Wed 26 Sep 2018 03:42:36 AM UTC
rate	3626	720	721	721	720	721	0	0	0	0	0	3607	0	0		Wed 26 Sep 2018 03:43:07 AM UTC
rate	3626	718	719	719	718	719	0	0	0	0	0	3597	0	0		Wed 26 Sep 2018 03:43:37 AM UTC
rate	3673	731	730	731	731	730	0	0	0	0	0	3654	0	0		Wed 26 Sep 2018 03:44:07 AM UTC
rate	3673	727	727	727	726	726	0	0	0	0	0	3637	0	0		Wed 26 Sep 2018 03:44:38 AM UTC
rate	3707	738	738	738	738	739	0	0	0	0	0	3692	0	0		Wed 26 Sep 2018 03:45:08 AM UTC
rate	3719	741	741	740	741	741	0	0	0	0	0	3707	0	0		Wed 26 Sep 2018 03:45:38 AM UTC
rate	3755	746	747	747	746	746	0	0	0	0	0	3736	0	0		Wed 26 Sep 2018 03:46:08 AM UTC
rate	3763	752	752	752	752	753	0	0	0	0	0	3763	0	0		Wed 26 Sep 2018 03:46:39 AM UTC
rate	3797	758	759	758	759	759	0	0	0	0	0	3797	0	0		Wed 26 Sep 2018 03:47:09 AM UTC
rate	3791	754	754	754	754	754	0	0	0	0	0	3772	0	0		Wed 26 Sep 2018 03:47:39 AM UTC
rate	3842	769	768	768	769	768	0	0	0	0	0	3842	0	0		Wed 26 Sep 2018 03:48:09 AM UTC
rate	3843	768	769	768	769	769	0	0	0	0	0	3843	0	0		Wed 26 Sep 2018 03:48:40 AM UTC
rate	3888	776	777	776	777	777	0	0	0	0	0	3883	0	0		Wed 26 Sep 2018 03:49:10 AM UTC
rate	3888	771	771	771	772	771	0	0	0	0	0	3860	0	0		Wed 26 Sep 2018 03:49:40 AM UTC
rate	3935	786	785	785	786	785	0	0	0	0	0	3928	0	0		Wed 26 Sep 2018 03:50:10 AM UTC
rate	3950	790	790	790	790	790	0	0	0	0	0	3950	0	0		Wed 26 Sep 2018 03:50:41 AM UTC
rate	3969	793	794	793	793	793	0	0	0	0	0	3969	0	0		Wed 26 Sep 2018 03:51:11 AM UTC
rate	3997	797	797	798	797	797	0	0	0	0	0	3988	0	0		Wed 26 Sep 2018 03:51:41 AM UTC
rate	4013	798	798	798	798	798	0	0	0	0	0	3990	0	0		Wed 26 Sep 2018 03:52:11 AM UTC
rate	4032	806	806	806	806	806	0	0	0	0	0	4032	0	0		Wed 26 Sep 2018 03:52:42 AM UTC
rate	4056	806	806	806	806	805	0	0	0	0	0	4032	0	0		Wed 26 Sep 2018 03:53:12 AM UTC
rate	4089	817	817	817	817	818	0	0	0	0	0	4089	0	0		Wed 26 Sep 2018 03:53:42 AM UTC
rate	4100	819	819	819	820	820	0	0	0	0	0	4100	0	0		Wed 26 Sep 2018 03:54:13 AM UTC
rate	4139	824	825	825	824	825	0	0	0	0	0	4127	0	0		Wed 26 Sep 2018 03:54:43 AM UTC
rate	4167	829	829	829	829	829	0	0	0	0	0	4147	0	0		Wed 26 Sep 2018 03:55:13 AM UTC
rate	4182	832	832	831	832	832	0	0	0	0	0	4162	0	0		Wed 26 Sep 2018 03:55:43 AM UTC
rate	4210	841	842	842	841	842	0	0	0	0	0	4210	0	0		Wed 26 Sep 2018 03:56:14 AM UTC
rate	4226	842	842	842	842	842	0	0	0	0	0	4211	0	0		Wed 26 Sep 2018 03:56:44 AM UTC
rate	4268	850	849	849	849	849	0	0	0	0	0	4247	0	0		Wed 26 Sep 2018 03:57:14 AM UTC
rate	4286	857	857	857	857	857	0	0	0	0	0	4286	0	0		Wed 26 Sep 2018 03:57:44 AM UTC
rate	4304	860	860	860	860	860	0	0	0	0	0	4304	0	0		Wed 26 Sep 2018 03:58:15 AM UTC
rate	4335	862	862	862	862	861	0	0	0	0	0	4313	0	0		Wed 26 Sep 2018 03:58:45 AM UTC
rate	4354	866	865	866	866	866	0	0	0	0	0	4332	0	0		Wed 26 Sep 2018 03:59:15 AM UTC
rate	4382	870	871	871	870	871	0	0	0	0	0	4356	0	0		Wed 26 Sep 2018 03:59:45 AM UTC
rate	4418	876	876	876	876	876	0	0	0	0	0	4384	0	0		Wed 26 Sep 2018 04:00:16 AM UTC
rate	4442	884	884	884	884	884	0	0	0	0	0	4423	0	0		Wed 26 Sep 2018 04:00:46 AM UTC
rate	4460	890	889	890	890	889	0	0	0	0	0	4451	0	0		Wed 26 Sep 2018 04:01:16 AM UTC
rate	4464	892	892	892	892	892	0	0	0	0	0	4464	0	0		Wed 26 Sep 2018 04:01:46 AM UTC
rate	4500	892	892	892	892	892	0	0	0	0	0	4462	0	0		Wed 26 Sep 2018 04:02:17 AM UTC
rate	4540	904	904	904	904	904	0	0	0	0	0	4521	0	0		Wed 26 Sep 2018 04:02:47 AM UTC
rate	4561	912	912	912	912	912	0	0	0	0	0	4561	0	0		Wed 26 Sep 2018 04:03:17 AM UTC
rate	4582	916	916	917	916	916	0	0	0	0	0	4582	0	0		Wed 26 Sep 2018 04:03:48 AM UTC
rate	4631	926	925	926	926	925	0	0	0	0	0	4629	0	0		Wed 26 Sep 2018 04:04:18 AM UTC
rate	4645	929	928	929	929	928	0	0	0	0	0	4645	0	0		Wed 26 Sep 2018 04:04:48 AM UTC
rate	4676	929	930	930	930	930	0	0	0	0	0	4650	0	0		Wed 26 Sep 2018 04:05:18 AM UTC
rate	4710	942	941	941	941	941	0	0	0	0	0	4710	0	0		Wed 26 Sep 2018 04:05:49 AM UTC
rate	4724	938	938	938	938	937	0	0	0	0	0	4690	0	0		Wed 26 Sep 2018 04:06:19 AM UTC
rate	4753	950	950	951	950	950	0	0	0	0	0	4752	0	0		Wed 26 Sep 2018 04:06:49 AM UTC
rate	4872	973	974	974	973	973	0	0	0	0	0	4870	0	0		Wed 26 Sep 2018 04:07:19 AM UTC
rate	4885	976	977	977	976	977	0	0	0	0	0	4885	0	0		Wed 26 Sep 2018 04:07:50 AM UTC
rate	4884	971	972	972	972	972	0	0	0	0	0	4861	0	0		Wed 26 Sep 2018 04:08:20 AM UTC
rate	4891	972	973	972	972	972	0	0	0	0	0	4863	0	0		Wed 26 Sep 2018 04:08:50 AM UTC
rate	4912	977	977	977	977	977	0	0	0	0	0	4888	0	0		Wed 26 Sep 2018 04:09:21 AM UTC
rate	4906	971	970	971	971	970	0	0	0	0	0	4854	0	0		Wed 26 Sep 2018 04:09:51 AM UTC
rate	4912	981	981	981	982	982	0	0	0	0	0	4910	0	0		Wed 26 Sep 2018 04:10:21 AM UTC
rate	4941	988	988	988	988	988	0	0	0	0	0	4941	0	0		Wed 26 Sep 2018 04:10:51 AM UTC
rate	4949	983	983	984	983	983	0	0	0	0	0	4919	0	0		Wed 26 Sep 2018 04:11:22 AM UTC
rate	4938	988	987	987	988	987	0	0	0	0	0	4937	0	0		Wed 26 Sep 2018 04:11:52 AM UTC
rate	4959	991	990	991	991	990	0	0	0	0	0	4956	0	0		Wed 26 Sep 2018 04:12:22 AM UTC
rate	4976	989	989	988	989	989	0	0	0	0	0	4945	0	0		Wed 26 Sep 2018 04:12:52 AM UTC
rate	4979	995	996	995	996	996	0	0	0	0	0	4979	0	0		Wed 26 Sep 2018 04:13:23 AM UTC
rate	4992	990	989	989	990	989	0	0	0	0	0	4949	0	0		Wed 26 Sep 2018 04:13:53 AM UTC
rate	4993	995	995	995	995	995	0	0	0	0	0	4979	0	0		Wed 26 Sep 2018 04:14:23 AM UTC
rate	5004	1001	1001	1001	1000	1000	0	0	0	0	0	5004	0	0		Wed 26 Sep 2018 04:14:54 AM UTC
rate	5034	1003	1002	1003	1002	1002	0	0	0	0	0	5013	0	0		Wed 26 Sep 2018 04:15:24 AM UTC
rate	5025	1005	1004	1005	1005	1005	0	0	0	0	0	5025	0	0		Wed 26 Sep 2018 04:15:54 AM UTC
rate	5046	1009	1009	1009	1009	1009	0	0	0	0	0	5045	0	0		Wed 26 Sep 2018 04:16:24 AM UTC
rate	5022	1001	1001	1001	1002	1001	0	0	0	0	0	5008	0	0		Wed 26 Sep 2018 04:16:55 AM UTC
rate	4985	992	991	992	992	992	0	0	0	0	0	4960	0	0		Wed 26 Sep 2018 04:17:25 AM UTC
rate	4970	993	994	993	994	994	0	0	0	0	0	4970	0	0		Wed 26 Sep 2018 04:17:55 AM UTC
rate	4959	985	985	984	985	985	0	0	0	0	0	4924	0	0		Wed 26 Sep 2018 04:18:26 AM UTC
rate	4948	990	989	989	989	989	0	0	0	0	0	4948	0	0		Wed 26 Sep 2018 04:18:56 AM UTC
rate	4914	983	982	983	982	982	0	0	0	0	0	4912	0	0		Wed 26 Sep 2018 04:19:26 AM UTC
rate	4894	972	971	971	972	972	0	0	0	0	0	4860	0	0		Wed 26 Sep 2018 04:19:56 AM UTC
rate	4890	968	968	968	968	968	0	0	0	0	0	4842	0	0		Wed 26 Sep 2018 04:20:27 AM UTC
rate	4862	968	968	968	968	969	0	0	0	0	0	4843	0	0		Wed 26 Sep 2018 04:20:57 AM UTC
rate	4856	966	966	965	966	966	0	0	0	0	0	4833	0	0		Wed 26 Sep 2018 04:21:27 AM UTC
rate	4819	956	956	956	956	956	0	0	0	0	0	4781	0	0		Wed 26 Sep 2018 04:21:58 AM UTC
rate	4827	958	957	957	958	958	0	0	0	0	0	4788	0	0		Wed 26 Sep 2018 04:22:28 AM UTC
rate	4796	946	947	946	946	946	0	0	0	0	0	4732	0	0		Wed 26 Sep 2018 04:22:58 AM UTC
rate	4773	954	953	954	953	953	0	0	0	0	0	4771	0	0		Wed 26 Sep 2018 04:23:29 AM UTC
rate	4765	953	952	952	952	952	0	0	0	0	0	4764	0	0		Wed 26 Sep 2018 04:23:59 AM UTC
rate	4747	948	949	949	948	949	0	0	0	0	0	4745	0	0		Wed 26 Sep 2018 04:24:29 AM UTC
rate	4726	945	945	945	945	945	0	0	0	0	0	4727	0	0		Wed 26 Sep 2018 04:24:59 AM UTC
rate	4698	939	939	939	939	939	0	0	0	0	0	4697	0	0		Wed 26 Sep 2018 04:25:30 AM UTC
rate	4699	939	938	939	939	938	0	0	0	0	0	4697	0	0		Wed 26 Sep 2018 04:26:00 AM UTC
rate	4674	929	929	929	929	929	0	0	0	0	0	4647	0	0		Wed 26 Sep 2018 04:26:30 AM UTC
rate	4656	926	926	926	926	925	0	0	0	0	0	4632	0	0		Wed 26 Sep 2018 04:27:00 AM UTC
rate	4648	929	928	929	929	929	0	0	0	0	0	4648	0	0		Wed 26 Sep 2018 04:27:31 AM UTC
rate	4606	917	918	917	918	918	0	0	0	0	0	4589	0	0		Wed 26 Sep 2018 04:28:01 AM UTC
rate	4605	920	921	920	920	921	0	0	0	0	0	4604	0	0		Wed 26 Sep 2018 04:28:31 AM UTC
rate	4597	919	918	919	919	918	0	0	0	0	0	4596	0	0		Wed 26 Sep 2018 04:29:02 AM UTC
rate	4580	915	915	915	915	915	0	0	0	0	0	4579	0	0		Wed 26 Sep 2018 04:29:32 AM UTC
rate	4557	906	906	906	905	905	0	0	0	0	0	4532	0	0		Wed 26 Sep 2018 04:30:02 AM UTC
rate	4556	910	911	910	910	911	0	0	0	0	0	4555	0	0		Wed 26 Sep 2018 04:30:32 AM UTC
rate	4529	900	900	900	900	900	0	0	0	0	0	4502	0	0		Wed 26 Sep 2018 04:31:03 AM UTC
rate	4509	901	901	901	901	902	0	0	0	0	0	4509	0	0		Wed 26 Sep 2018 04:31:33 AM UTC
rate	4504	900	900	900	900	901	0	0	0	0	0	4504	0	0		Wed 26 Sep 2018 04:32:03 AM UTC
rate	4493	899	898	898	898	898	0	0	0	0	0	4493	0	0		Wed 26 Sep 2018 04:32:33 AM UTC
rate	4475	894	895	895	894	894	0	0	0	0	0	4475	0	0		Wed 26 Sep 2018 04:33:04 AM UTC
rate	4472	889	889	889	889	889	0	0	0	0	0	4448	0	0		Wed 26 Sep 2018 04:33:34 AM UTC
rate	4436	884	883	884	883	883	0	0	0	0	0	4417	0	0		Wed 26 Sep 2018 04:34:04 AM UTC
rate	4446	885	885	885	884	884	0	0	0	0	0	4426	0	0		Wed 26 Sep 2018 04:34:34 AM UTC
rate	4407	881	881	881	881	881	0	0	0	0	0	4407	0	0		Wed 26 Sep 2018 04:35:05 AM UTC
rate	4419	883	883	883	883	883	0	0	0	0	0	4419	0	0		Wed 26 Sep 2018 04:35:35 AM UTC
rate	4392	878	878	879	878	878	0	0	0	0	0	4392	0	0		Wed 26 Sep 2018 04:36:05 AM UTC
rate	4378	868	868	867	868	868	0	0	0	0	0	4343	0	0		Wed 26 Sep 2018 04:36:35 AM UTC
rate	4369	873	873	873	873	873	0	0	0	0	0	4368	0	0		Wed 26 Sep 2018 04:37:06 AM UTC
rate	4352	866	865	866	865	865	0	0	0	0	0	4330	0	0		Wed 26 Sep 2018 04:37:36 AM UTC
rate	4347	863	864	863	864	864	0	0	0	0	0	4318	0	0		Wed 26 Sep 2018 04:38:06 AM UTC
rate	4338	865	865	865	865	865	0	0	0	0	0	4327	0	0		Wed 26 Sep 2018 04:38:37 AM UTC
rate	4322	859	859	859	859	859	0	0	0	0	0	4297	0	0		Wed 26 Sep 2018 04:39:07 AM UTC
rate	4312	861	862	861	861	861	0	0	0	0	0	4310	0	0		Wed 26 Sep 2018 04:39:37 AM UTC
rate	4275	848	849	849	849	849	0	0	0	0	0	4245	0	0		Wed 26 Sep 2018 04:40:07 AM UTC
rate	4285	852	852	852	853	852	0	0	0	0	0	4262	0	0		Wed 26 Sep 2018 04:40:38 AM UTC
rate	4260	851	851	851	851	851	0	0	0	0	0	4257	0	0		Wed 26 Sep 2018 04:41:08 AM UTC
rate	4259	847	847	847	848	847	0	0	0	0	0	4239	0	0		Wed 26 Sep 2018 04:41:38 AM UTC
rate	4252	846	845	846	846	845	0	0	0	0	0	4231	0	0		Wed 26 Sep 2018 04:42:08 AM UTC
rate	4236	840	841	841	840	840	0	0	0	0	0	4206	0	0		Wed 26 Sep 2018 04:42:39 AM UTC
rate	4225	840	840	840	839	839	0	0	0	0	0	4199	0	0		Wed 26 Sep 2018 04:43:09 AM UTC
rate	4224	838	839	839	838	839	0	0	0	0	0	4193	0	0		Wed 26 Sep 2018 04:43:39 AM UTC
rate	4203	836	836	836	837	836	0	0	0	0	0	4183	0	0		Wed 26 Sep 2018 04:44:10 AM UTC
rate	4194	838	838	838	839	839	0	0	0	0	0	4192	0	0		Wed 26 Sep 2018 04:44:40 AM UTC
rate	4176	831	831	831	830	831	0	0	0	0	0	4154	0	0		Wed 26 Sep 2018 04:45:10 AM UTC
rate	4169	828	828	828	827	827	0	0	0	0	0	4141	0	0		Wed 26 Sep 2018 04:45:40 AM UTC
rate	4163	827	827	827	828	828	0	0	0	0	0	4138	0	0		Wed 26 Sep 2018 04:46:11 AM UTC
rate	4162	833	832	832	832	832	0	0	0	0	0	4162	0	0		Wed 26 Sep 2018 04:46:41 AM UTC
rate	4133	826	826	825	826	826	0	0	0	0	0	4133	0	0		Wed 26 Sep 2018 04:47:11 AM UTC
rate	4146	828	829	828	829	829	0	0	0	0	0	4146	0	0		Wed 26 Sep 2018 04:47:41 AM UTC
rate	4109	821	821	821	821	821	0	0	0	0	0	4109	0	0		Wed 26 Sep 2018 04:48:12 AM UTC
rate	4121	820	819	819	820	820	0	0	0	0	0	4099	0	0		Wed 26 Sep 2018 04:48:42 AM UTC
rate	4093	819	818	819	818	818	0	0	0	0	0	4093	0	0		Wed 26 Sep 2018 04:49:12 AM UTC
rate	4097	813	814	814	814	814	0	0	0	0	0	4072	0	0		Wed 26 Sep 2018 04:49:42 AM UTC
rate	4084	816	817	816	817	817	0	0	0	0	0	4084	0	0		Wed 26 Sep 2018 04:50:13 AM UTC
rate	4063	812	813	812	812	812	0	0	0	0	0	4063	0	0		Wed 26 Sep 2018 04:50:43 AM UTC
rate	4060	812	812	812	811	811	0	0	0	0	0	4059	0	0		Wed 26 Sep 2018 04:51:13 AM UTC
rate	4054	810	810	810	811	811	0	0	0	0	0	4054	0	0		Wed 26 Sep 2018 04:51:44 AM UTC
rate	4037	806	807	806	806	807	0	0	0	0	0	4036	0	0		Wed 26 Sep 2018 04:52:14 AM UTC
rate	4048	805	805	805	806	806	0	0	0	0	0	4029	0	0		Wed 26 Sep 2018 04:52:44 AM UTC
rate	4023	801	800	800	801	800	0	0	0	0	0	4004	0	0		Wed 26 Sep 2018 04:53:14 AM UTC
rate	4021	804	804	804	804	804	0	0	0	0	0	4021	0	0		Wed 26 Sep 2018 04:53:44 AM UTC
rate	3996	794	795	794	795	795	0	0	0	0	0	3976	0	0		Wed 26 Sep 2018 04:54:15 AM UTC
rate	4005	801	800	801	801	800	0	0	0	0	0	4005	0	0		Wed 26 Sep 2018 04:54:45 AM UTC
rate	4006	797	798	797	797	798	0	0	0	0	0	3990	0	0		Wed 26 Sep 2018 04:55:15 AM UTC
rate	3979	795	796	796	796	796	0	0	0	0	0	3979	0	0		Wed 26 Sep 2018 04:55:45 AM UTC
rate	3992	794	793	794	794	793	0	0	0	0	0	3972	0	0		Wed 26 Sep 2018 04:56:16 AM UTC
rate	4053	804	804	804	803	804	0	0	0	0	0	4022	0	0		Wed 26 Sep 2018 04:56:46 AM UTC
rate	4143	828	828	828	827	827	0	0	0	0	0	4141	0	0		Wed 26 Sep 2018 04:57:16 AM UTC
rate	4119	823	823	823	823	823	0	0	0	0	0	4118	0	0		Wed 26 Sep 2018 04:57:46 AM UTC
rate	4088	818	817	818	817	817	0	0	0	0	0	4088	0	0		Wed 26 Sep 2018 04:58:17 AM UTC
rate	4054	806	806	806	807	806	0	0	0	0	0	4034	0	0		Wed 26 Sep 2018 04:58:47 AM UTC
rate	4043	804	804	804	804	804	0	0	0	0	0	4024	0	0		Wed 26 Sep 2018 04:59:17 AM UTC
rate	4040	807	808	808	807	808	0	0	0	0	0	4038	0	0		Wed 26 Sep 2018 04:59:47 AM UTC
rate	4008	796	797	797	797	797	0	0	0	0	0	3988	0	0		Wed 26 Sep 2018 05:00:18 AM UTC
rate	3993	793	794	794	793	794	0	0	0	0	0	3972	0	0		Wed 26 Sep 2018 05:00:48 AM UTC
rate	3961	788	787	787	788	788	0	0	0	0	0	3941	0	0		Wed 26 Sep 2018 05:01:18 AM UTC
rate	3950	790	790	790	790	789	0	0	0	0	0	3950	0	0		Wed 26 Sep 2018 05:01:48 AM UTC
rate	3928	782	781	781	781	781	0	0	0	0	0	3910	0	0		Wed 26 Sep 2018 05:02:19 AM UTC
rate	3907	780	781	780	781	781	0	0	0	0	0	3907	0	0		Wed 26 Sep 2018 05:02:49 AM UTC
rate	3883	776	776	775	776	776	0	0	0	0	0	3882	0	0		Wed 26 Sep 2018 05:03:19 AM UTC
rate	3853	765	765	765	765	764	0	0	0	0	0	3826	0	0		Wed 26 Sep 2018 05:03:49 AM UTC
rate	3829	763	762	762	763	762	0	0	0	0	0	3814	0	0		Wed 26 Sep 2018 05:04:20 AM UTC
rate	3829	766	765	765	766	765	0	0	0	0	0	3829	0	0		Wed 26 Sep 2018 05:04:50 AM UTC
rate	3798	755	754	754	755	754	0	0	0	0	0	3772	0	0		Wed 26 Sep 2018 05:05:20 AM UTC
rate	3785	753	753	753	752	753	0	0	0	0	0	3767	0	0		Wed 26 Sep 2018 05:05:50 AM UTC
rate	3759	751	752	752	751	752	0	0	0	0	0	3759	0	0		Wed 26 Sep 2018 05:06:21 AM UTC
rate	3742	745	745	745	745	744	0	0	0	0	0	3726	0	0		Wed 26 Sep 2018 05:06:51 AM UTC
rate	3733	746	747	747	746	746	0	0	0	0	0	3733	0	0		Wed 26 Sep 2018 05:07:21 AM UTC
rate	3689	737	736	736	737	736	0	0	0	0	0	3682	0	0		Wed 26 Sep 2018 05:07:51 AM UTC
rate	3688	733	733	733	733	733	0	0	0	0	0	3667	0	0		Wed 26 Sep 2018 05:08:22 AM UTC
rate	3677	734	735	735	734	735	0	0	0	0	0	3677	0	0		Wed 26 Sep 2018 05:08:52 AM UTC
rate	3627	724	725	725	724	725	0	0	0	0	0	3626	0	0		Wed 26 Sep 2018 05:09:22 AM UTC
rate	3632	723	723	724	723	723	0	0	0	0	0	3618	0	0		Wed 26 Sep 2018 05:09:52 AM UTC
rate	3622	724	724	724	724	723	0	0	0	0	0	3622	0	0		Wed 26 Sep 2018 05:10:23 AM UTC
rate	3576	712	713	712	712	712	0	0	0	0	0	3565	0	0		Wed 26 Sep 2018 05:10:53 AM UTC
rate	3579	713	714	713	713	713	0	0	0	0	0	3566	0	0		Wed 26 Sep 2018 05:11:23 AM UTC
rate	3569	712	712	712	712	712	0	0	0	0	0	3563	0	0		Wed 26 Sep 2018 05:11:53 AM UTC
rate	3524	701	701	702	701	701	0	0	0	0	0	3508	0	0		Wed 26 Sep 2018 05:12:23 AM UTC
rate	3524	700	700	700	699	700	0	0	0	0	0	3500	0	0		Wed 26 Sep 2018 05:12:54 AM UTC
rate	3511	700	699	699	700	700	0	0	0	0	0	3498	0	0		Wed 26 Sep 2018 05:13:24 AM UTC
rate	3468	690	689	690	689	689	0	0	0	0	0	3448	0	0		Wed 26 Sep 2018 05:13:54 AM UTC
rate	3465	688	688	688	689	688	0	0	0	0	0	3442	0	0		Wed 26 Sep 2018 05:14:25 AM UTC
rate	3455	688	689	689	688	689	0	0	0	0	0	3445	0	0		Wed 26 Sep 2018 05:14:55 AM UTC
rate	3412	682	683	683	682	682	0	0	0	0	0	3412	0	0		Wed 26 Sep 2018 05:15:25 AM UTC
rate	3413	678	679	678	679	679	0	0	0	0	0	3397	0	0		Wed 26 Sep 2018 05:15:55 AM UTC
rate	3401	679	679	679	679	679	0	0	0	0	0	3398	0	0		Wed 26 Sep 2018 05:16:26 AM UTC
rate	3352	669	668	669	668	668	0	0	0	0	0	3342	0	0		Wed 26 Sep 2018 05:16:56 AM UTC
rate	3360	670	669	669	669	669	0	0	0	0	0	3347	0	0		Wed 26 Sep 2018 05:17:26 AM UTC
rate	3348	666	666	666	666	666	0	0	0	0	0	3331	0	0		Wed 26 Sep 2018 05:17:56 AM UTC
rate	3328	662	662	662	662	661	0	0	0	0	0	3311	0	0		Wed 26 Sep 2018 05:18:26 AM UTC
rate	3302	659	660	660	659	660	0	0	0	0	0	3302	0	0		Wed 26 Sep 2018 05:18:57 AM UTC
rate	3291	654	655	655	654	655	0	0	0	0	0	3277	0	0		Wed 26 Sep 2018 05:19:27 AM UTC
rate	3274	652	653	652	652	652	0	0	0	0	0	3263	0	0		Wed 26 Sep 2018 05:19:57 AM UTC
rate	3247	649	649	649	649	650	0	0	0	0	0	3247	0	0		Wed 26 Sep 2018 05:20:27 AM UTC
rate	3238	647	648	647	647	647	0	0	0	0	0	3237	0	0		Wed 26 Sep 2018 05:20:58 AM UTC
rate	3217	639	640	640	639	639	0	0	0	0	0	3200	0	0		Wed 26 Sep 2018 05:21:28 AM UTC
rate	3193	636	635	636	635	635	0	0	0	0	0	3181	0	0		Wed 26 Sep 2018 05:21:58 AM UTC
rate	3195	639	638	639	639	638	0	0	0	0	0	3195	0	0		Wed 26 Sep 2018 05:22:28 AM UTC
rate	3184	634	634	634	635	635	0	0	0	0	0	3173	0	0		Wed 26 Sep 2018 05:22:59 AM UTC
rate	3152	630	631	631	630	630	0	0	0	0	0	3152	0	0		Wed 26 Sep 2018 05:23:29 AM UTC
rate	3137	627	627	627	628	627	0	0	0	0	0	3137	0	0		Wed 26 Sep 2018 05:23:59 AM UTC
rate	3125	624	623	624	624	624	0	0	0	0	0	3123	0	0		Wed 26 Sep 2018 05:24:29 AM UTC
rate	3100	619	620	619	619	619	0	0	0	0	0	3098	0	0		Wed 26 Sep 2018 05:24:59 AM UTC
rate	3082	614	614	614	614	614	0	0	0	0	0	3070	0	0		Wed 26 Sep 2018 05:25:30 AM UTC
rate	3074	613	612	613	613	612	0	0	0	0	0	3063	0	0		Wed 26 Sep 2018 05:26:00 AM UTC
rate	3074	615	615	615	614	614	0	0	0	0	0	3074	0	0		Wed 26 Sep 2018 05:26:30 AM UTC
rate	3041	607	608	608	608	608	0	0	0	0	0	3040	0	0		Wed 26 Sep 2018 05:27:00 AM UTC
rate	3016	601	600	600	601	600	0	0	0	0	0	3005	0	0		Wed 26 Sep 2018 05:27:31 AM UTC
rate	3016	600	600	599	600	600	0	0	0	0	0	3001	0	0		Wed 26 Sep 2018 05:28:01 AM UTC
rate	3010	599	599	599	599	599	0	0	0	0	0	2996	0	0		Wed 26 Sep 2018 05:28:31 AM UTC
rate	2987	598	597	598	597	597	0	0	0	0	0	2987	0	0		Wed 26 Sep 2018 05:29:01 AM UTC
rate	2964	590	590	590	589	589	0	0	0	0	0	2950	0	0		Wed 26 Sep 2018 05:29:32 AM UTC
rate	2953	590	591	590	591	591	0	0	0	0	0	2953	0	0		Wed 26 Sep 2018 05:30:02 AM UTC
rate	2932	584	584	583	584	584	0	0	0	0	0	2921	0	0		Wed 26 Sep 2018 05:30:32 AM UTC
rate	2909	580	580	580	579	580	0	0	0	0	0	2899	0	0		Wed 26 Sep 2018 05:31:02 AM UTC
rate	2908	581	582	581	581	582	0	0	0	0	0	2908	0	0		Wed 26 Sep 2018 05:31:32 AM UTC
rate	2897	579	579	579	579	578	0	0	0	0	0	2897	0	0		Wed 26 Sep 2018 05:32:03 AM UTC
rate	2878	575	575	574	575	575	0	0	0	0	0	2878	0	0		Wed 26 Sep 2018 05:32:33 AM UTC
rate	2853	570	570	570	570	569	0	0	0	0	0	2853	0	0		Wed 26 Sep 2018 05:33:03 AM UTC
rate	2842	566	566	566	567	566	0	0	0	0	0	2833	0	0		Wed 26 Sep 2018 05:33:33 AM UTC
rate	2845	567	566	567	567	567	0	0	0	0	0	2836	0	0		Wed 26 Sep 2018 05:34:03 AM UTC
rate	2813	562	562	562	562	563	0	0	0	0	0	2812	0	0		Wed 26 Sep 2018 05:34:34 AM UTC
rate	2797	557	558	558	557	558	0	0	0	0	0	2789	0	0		Wed 26 Sep 2018 05:35:04 AM UTC
rate	2787	558	557	558	557	557	0	0	0	0	0	2787	0	0		Wed 26 Sep 2018 05:35:34 AM UTC
rate	2788	557	556	556	557	557	0	0	0	0	0	2786	0	0		Wed 26 Sep 2018 05:36:04 AM UTC
rate	2756	551	550	550	551	550	0	0	0	0	0	2756	0	0		Wed 26 Sep 2018 05:36:35 AM UTC
rate	2732	547	546	546	546	546	0	0	0	0	0	2732	0	0		Wed 26 Sep 2018 05:37:05 AM UTC
rate	2733	545	544	544	545	545	0	0	0	0	0	2726	0	0		Wed 26 Sep 2018 05:37:35 AM UTC
rate	2721	542	542	542	542	542	0	0	0	0	0	2712	0	0		Wed 26 Sep 2018 05:38:05 AM UTC
rate	2724	542	543	542	543	543	0	0	0	0	0	2715	0	0		Wed 26 Sep 2018 05:38:35 AM UTC
rate	2676	533	533	532	533	533	0	0	0	0	0	2668	0	0		Wed 26 Sep 2018 05:39:06 AM UTC
rate	2678	535	535	535	535	535	0	0	0	0	0	2678	0	0		Wed 26 Sep 2018 05:39:36 AM UTC
rate	2667	532	532	532	532	532	0	0	0	0	0	2660	0	0		Wed 26 Sep 2018 05:40:06 AM UTC
rate	2668	533	533	533	533	533	0	0	0	0	0	2668	0	0		Wed 26 Sep 2018 05:40:36 AM UTC
rate	2636	527	527	526	527	527	0	0	0	0	0	2636	0	0		Wed 26 Sep 2018 05:41:06 AM UTC
rate	2623	523	522	523	522	522	0	0	0	0	0	2616	0	0		Wed 26 Sep 2018 05:41:37 AM UTC
rate	2613	520	521	520	520	521	0	0	0	0	0	2605	0	0		Wed 26 Sep 2018 05:42:07 AM UTC
rate	2604	518	519	519	518	519	0	0	0	0	0	2594	0	0		Wed 26 Sep 2018 05:42:37 AM UTC
rate	2602	520	520	520	520	520	0	0	0	0	0	2602	0	0		Wed 26 Sep 2018 05:43:07 AM UTC
rate	2557	510	509	509	510	510	0	0	0	0	0	2551	0	0		Wed 26 Sep 2018 05:43:37 AM UTC
rate	2559	511	511	512	511	511	0	0	0	0	0	2559	0	0		Wed 26 Sep 2018 05:44:08 AM UTC
rate	2547	507	508	508	507	508	0	0	0	0	0	2541	0	0		Wed 26 Sep 2018 05:44:38 AM UTC
rate	2547	508	508	508	508	508	0	0	0	0	0	2540	0	0		Wed 26 Sep 2018 05:45:08 AM UTC
rate	2504	499	499	499	500	500	0	0	0	0	0	2498	0	0		Wed 26 Sep 2018 05:45:38 AM UTC
rate	2501	499	499	499	499	499	0	0	0	0	0	2495	0	0		Wed 26 Sep 2018 05:46:08 AM UTC
rate	2494	497	498	498	498	498	0	0	0	0	0	2489	0	0		Wed 26 Sep 2018 05:46:39 AM UTC
rate	2493	496	497	497	496	497	0	0	0	0	0	2487	0	0		Wed 26 Sep 2018 05:47:09 AM UTC
rate	2484	496	496	497	496	496	0	0	0	0	0	2483	0	0		Wed 26 Sep 2018 05:47:39 AM UTC
rate	2450	488	488	488	489	488	0	0	0	0	0	2444	0	0		Wed 26 Sep 2018 05:48:09 AM UTC
rate	2437	486	487	486	486	486	0	0	0	0	0	2433	0	0		Wed 26 Sep 2018 05:48:39 AM UTC
rate	2438	485	485	485	486	486	0	0	0	0	0	2431	0	0		Wed 26 Sep 2018 05:49:10 AM UTC
rate	2429	484	484	484	484	484	0	0	0	0	0	2422	0	0		Wed 26 Sep 2018 05:49:40 AM UTC
rate	2414	481	481	481	481	481	0	0	0	0	0	2406	0	0		Wed 26 Sep 2018 05:50:10 AM UTC
rate	2384	476	476	476	476	476	0	0	0	0	0	2383	0	0		Wed 26 Sep 2018 05:50:40 AM UTC
rate	2383	475	475	475	476	475	0	0	0	0	0	2378	0	0		Wed 26 Sep 2018 05:51:10 AM UTC
rate	2374	474	475	474	475	475	0	0	0	0	0	2374	0	0		Wed 26 Sep 2018 05:51:41 AM UTC
rate	2374	473	473	473	472	473	0	0	0	0	0	2366	0	0		Wed 26 Sep 2018 05:52:11 AM UTC
rate	2347	468	467	467	468	467	0	0	0	0	0	2340	0	0		Wed 26 Sep 2018 05:52:41 AM UTC
rate	2349	468	469	469	468	468	0	0	0	0	0	2342	0	0		Wed 26 Sep 2018 05:53:11 AM UTC
rate	2319	463	464	463	464	464	0	0	0	0	0	2318	0	0		Wed 26 Sep 2018 05:53:41 AM UTC
rate	2321	462	462	463	462	462	0	0	0	0	0	2314	0	0		Wed 26 Sep 2018 05:54:12 AM UTC
rate	2308	461	461	461	461	460	0	0	0	0	0	2308	0	0		Wed 26 Sep 2018 05:54:42 AM UTC
rate	2292	457	457	457	458	457	0	0	0	0	0	2287	0	0		Wed 26 Sep 2018 05:55:12 AM UTC
rate	2284	454	455	454	455	455	0	0	0	0	0	2275	0	0		Wed 26 Sep 2018 05:55:42 AM UTC
rate	2262	451	452	452	451	451	0	0	0	0	0	2257	0	0		Wed 26 Sep 2018 05:56:12 AM UTC
rate	2253	450	450	450	450	450	0	0	0	0	0	2253	0	0		Wed 26 Sep 2018 05:56:43 AM UTC
rate	2253	451	450	450	451	450	0	0	0	0	0	2253	0	0		Wed 26 Sep 2018 05:57:13 AM UTC
rate	2226	445	445	445	445	445	0	0	0	0	0	2226	0	0		Wed 26 Sep 2018 05:57:43 AM UTC
rate	2227	444	443	444	444	443	0	0	0	0	0	2222	0	0		Wed 26 Sep 2018 05:58:13 AM UTC
rate	2220	443	443	443	442	442	0	0	0	0	0	2216	0	0		Wed 26 Sep 2018 05:58:43 AM UTC
rate	2198	439	438	439	439	438	0	0	0	0	0	2193	0	0		Wed 26 Sep 2018 05:59:14 AM UTC
rate	2188	437	437	437	436	437	0	0	0	0	0	2184	0	0		Wed 26 Sep 2018 05:59:44 AM UTC
rate	2175	433	434	434	433	434	0	0	0	0	0	2169	0	0		Wed 26 Sep 2018 06:00:14 AM UTC
rate	2161	430	431	431	431	431	0	0	0	0	0	2156	0	0		Wed 26 Sep 2018 06:00:44 AM UTC
rate	2163	432	431	431	432	432	0	0	0	0	0	2158	0	0		Wed 26 Sep 2018 06:01:14 AM UTC
rate	2160	428	427	428	428	427	0	0	0	0	0	2139	0	0		Wed 26 Sep 2018 06:01:44 AM UTC
rate	2135	426	426	427	426	426	0	0	0	0	0	2135	0	0		Wed 26 Sep 2018 06:02:15 AM UTC
rate	2133	424	425	425	425	425	0	0	0	0	0	2128	0	0		Wed 26 Sep 2018 06:02:45 AM UTC
rate	2109	422	421	421	421	421	0	0	0	0	0	2107	0	0		Wed 26 Sep 2018 06:03:15 AM UTC
rate	2107	422	421	421	421	421	0	0	0	0	0	2107	0	0		Wed 26 Sep 2018 06:03:45 AM UTC
rate	2098	419	419	419	419	419	0	0	0	0	0	2097	0	0		Wed 26 Sep 2018 06:04:15 AM UTC
rate	2101	419	419	418	419	419	0	0	0	0	0	2094	0	0		Wed 26 Sep 2018 06:04:46 AM UTC
rate	2067	413	413	413	413	413	0	0	0	0	0	2067	0	0		Wed 26 Sep 2018 06:05:16 AM UTC
rate	2054	410	410	410	410	410	0	0	0	0	0	2050	0	0		Wed 26 Sep 2018 06:05:46 AM UTC
rate	2043	408	409	408	408	409	0	0	0	0	0	2042	0	0		Wed 26 Sep 2018 06:06:16 AM UTC
rate	2043	404	404	405	404	404	0	0	0	0	0	2023	0	0		Wed 26 Sep 2018 06:06:46 AM UTC
rate	2044	408	407	407	407	407	0	0	0	0	0	2039	0	0		Wed 26 Sep 2018 06:07:17 AM UTC
rate	2035	406	407	406	407	407	0	0	0	0	0	2033	0	0		Wed 26 Sep 2018 06:07:47 AM UTC
rate	2032	405	405	405	405	405	0	0	0	0	0	2027	0	0		Wed 26 Sep 2018 06:08:17 AM UTC
rate	0	0	0	0	0	0	0	0	0	0	0	0	0	0		Wed 26 Sep 2018 06:08:47 AM UTC
rate	1987	496	496	0	496	496	0	0	0	0	0	1987	0	0		Wed 26 Sep 2018 06:09:17 AM UTC
rate	1989	497	497	0	497	497	0	0	0	0	0	1989	0	0		Wed 26 Sep 2018 06:09:48 AM UTC
rate	1987	496	495	0	496	495	0	0	0	0	0	1982	0	0		Wed 26 Sep 2018 06:10:18 AM UTC
rate	1978	493	494	0	493	494	0	0	0	0	0	1975	0	0		Wed 26 Sep 2018 06:10:48 AM UTC
rate	1978	493	494	0	493	493	0	0	0	0	0	1974	0	0		Wed 26 Sep 2018 06:11:18 AM UTC
rate	1969	492	491	0	492	492	0	0	0	0	0	1969	0	0		Wed 26 Sep 2018 06:11:48 AM UTC
rate	1952	488	487	0	487	487	0	0	0	0	0	1952	0	0		Wed 26 Sep 2018 06:12:19 AM UTC
rate	1923	480	480	0	480	480	0	0	0	0	0	1923	0	0		Wed 26 Sep 2018 06:12:49 AM UTC
rate	1922	479	479	0	479	480	0	0	0	0	0	1919	0	0		Wed 26 Sep 2018 06:13:19 AM UTC
rate	1911	476	476	0	476	476	0	0	0	0	0	1906	0	0		Wed 26 Sep 2018 06:13:49 AM UTC
rate	1915	479	478	0	478	478	0	0	0	0	0	1914	0	0		Wed 26 Sep 2018 06:14:19 AM UTC
rate	1914	478	478	0	478	478	0	0	0	0	0	1914	0	0		Wed 26 Sep 2018 06:14:50 AM UTC
rate	1889	471	471	0	471	471	0	0	0	0	0	1886	0	0		Wed 26 Sep 2018 06:15:20 AM UTC
rate	1889	471	471	0	471	470	0	0	0	0	0	1884	0	0		Wed 26 Sep 2018 06:15:50 AM UTC
rate	1879	469	468	0	468	468	0	0	0	0	0	1873	0	0		Wed 26 Sep 2018 06:16:20 AM UTC
rate	1857	460	460	0	460	460	0	0	0	0	0	1841	0	0		Wed 26 Sep 2018 06:16:50 AM UTC
rate	1857	464	464	0	464	464	0	0	0	0	0	1857	0	0		Wed 26 Sep 2018 06:17:20 AM UTC
rate	1850	461	462	0	461	462	0	0	0	0	0	1848	0	0		Wed 26 Sep 2018 06:17:51 AM UTC
rate	1847	461	460	0	461	460	0	0	0	0	0	1844	0	0		Wed 26 Sep 2018 06:18:21 AM UTC
rate	1822	454	454	0	454	454	0	0	0	0	0	1818	0	0		Wed 26 Sep 2018 06:18:51 AM UTC
rate	1822	452	451	0	452	451	0	0	0	0	0	1808	0	0		Wed 26 Sep 2018 06:19:21 AM UTC
rate	1823	455	455	0	455	455	0	0	0	0	0	1822	0	0		Wed 26 Sep 2018 06:19:51 AM UTC
rate	1793	447	446	0	447	446	0	0	0	0	0	1789	0	0		Wed 26 Sep 2018 06:20:22 AM UTC
rate	1794	447	448	0	447	447	0	0	0	0	0	1790	0	0		Wed 26 Sep 2018 06:20:52 AM UTC
rate	1783	445	445	0	446	446	0	0	0	0	0	1783	0	0		Wed 26 Sep 2018 06:21:22 AM UTC
rate	1769	442	442	0	441	442	0	0	0	0	0	1769	0	0		Wed 26 Sep 2018 06:21:52 AM UTC
rate	1767	441	442	0	442	442	0	0	0	0	0	1767	0	0		Wed 26 Sep 2018 06:22:22 AM UTC
rate	1759	439	439	0	439	439	0	0	0	0	0	1759	0	0		Wed 26 Sep 2018 06:22:52 AM UTC
rate	1756	439	439	0	439	438	0	0	0	0	0	1756	0	0		Wed 26 Sep 2018 06:23:23 AM UTC
rate	1746	436	436	0	436	437	0	0	0	0	0	1747	0	0		Wed 26 Sep 2018 06:23:53 AM UTC
rate	1749	433	433	0	433	433	0	0	0	0	0	1734	0	0		Wed 26 Sep 2018 06:24:23 AM UTC
rate	1728	432	432	0	431	431	0	0	0	0	0	1726	0	0		Wed 26 Sep 2018 06:24:53 AM UTC
rate	1703	425	425	0	425	425	0	0	0	0	0	1700	0	0		Wed 26 Sep 2018 06:25:23 AM UTC
rate	1704	425	425	0	426	425	0	0	0	0	0	1702	0	0		Wed 26 Sep 2018 06:25:54 AM UTC
rate	1693	422	422	0	422	422	0	0	0	0	0	1688	0	0		Wed 26 Sep 2018 06:26:24 AM UTC
rate	1695	422	422	0	422	422	0	0	0	0	0	1690	0	0		Wed 26 Sep 2018 06:26:54 AM UTC
rate	1695	423	423	0	422	422	0	0	0	0	0	1691	0	0		Wed 26 Sep 2018 06:27:24 AM UTC
rate	1684	421	421	0	421	421	0	0	0	0	0	1684	0	0		Wed 26 Sep 2018 06:27:54 AM UTC
rate	1683	421	420	0	420	420	0	0	0	0	0	1682	0	0		Wed 26 Sep 2018 06:28:25 AM UTC
rate	1655	413	413	0	413	413	0	0	0	0	0	1652	0	0		Wed 26 Sep 2018 06:28:55 AM UTC
rate	1639	406	407	0	407	407	0	0	0	0	0	1628	0	0		Wed 26 Sep 2018 06:29:25 AM UTC
rate	1639	409	409	0	408	408	0	0	0	0	0	1636	0	0		Wed 26 Sep 2018 06:29:55 AM UTC
rate	1627	406	405	0	406	405	0	0	0	0	0	1623	0	0		Wed 26 Sep 2018 06:30:25 AM UTC
rate	638	212	213	0	163	212	0	0	0	0	0	638	0	0		Wed 26 Sep 2018 06:30:55 AM UTC
rate	1628	541	541	0	0	541	0	0	0	0	0	1623	0	0		Wed 26 Sep 2018 06:31:26 AM UTC
rate	1618	535	534	0	0	534	0	0	0	0	0	1605	0	0		Wed 26 Sep 2018 06:31:56 AM UTC
rate	1602	534	533	0	0	533	0	0	0	0	0	1600	0	0		Wed 26 Sep 2018 06:32:26 AM UTC
rate	1594	530	531	0	0	531	0	0	0	0	0	1594	0	0		Wed 26 Sep 2018 06:32:56 AM UTC
rate	1596	530	530	0	0	530	0	0	0	0	0	1591	0	0		Wed 26 Sep 2018 06:33:26 AM UTC
rate	1573	523	522	0	0	523	0	0	0	0	0	1569	0	0		Wed 26 Sep 2018 06:33:57 AM UTC
rate	1564	516	516	0	0	515	0	0	0	0	0	1547	0	0		Wed 26 Sep 2018 06:34:27 AM UTC
rate	1563	521	521	0	0	521	0	0	0	0	0	1563	0	0		Wed 26 Sep 2018 06:34:57 AM UTC
rate	1562	521	521	0	0	520	0	0	0	0	0	1562	0	0		Wed 26 Sep 2018 06:35:27 AM UTC
rate	1553	516	516	0	0	516	0	0	0	0	0	1549	0	0		Wed 26 Sep 2018 06:35:57 AM UTC
rate	1538	511	511	0	0	511	0	0	0	0	0	1534	0	0		Wed 26 Sep 2018 06:36:27 AM UTC
rate	1537	507	507	0	0	508	0	0	0	0	0	1523	0	0		Wed 26 Sep 2018 06:36:58 AM UTC
rate	1530	508	508	0	0	509	0	0	0	0	0	1527	0	0		Wed 26 Sep 2018 06:37:28 AM UTC
rate	1528	509	509	0	0	510	0	0	0	0	0	1528	0	0		Wed 26 Sep 2018 06:37:58 AM UTC
rate	1529	508	508	0	0	508	0	0	0	0	0	1525	0	0		Wed 26 Sep 2018 06:38:28 AM UTC
rate	1499	499	499	0	0	500	0	0	0	0	0	1499	0	0		Wed 26 Sep 2018 06:38:58 AM UTC
rate	1499	493	493	0	0	493	0	0	0	0	0	1481	0	0		Wed 26 Sep 2018 06:39:29 AM UTC
rate	1489	496	495	0	0	495	0	0	0	0	0	1487	0	0		Wed 26 Sep 2018 06:39:59 AM UTC
rate	1474	490	490	0	0	489	0	0	0	0	0	1471	0	0		Wed 26 Sep 2018 06:40:29 AM UTC
rate	1475	491	490	0	0	491	0	0	0	0	0	1472	0	0		Wed 26 Sep 2018 06:40:59 AM UTC
rate	1463	487	488	0	0	488	0	0	0	0	0	1463	0	0		Wed 26 Sep 2018 06:41:29 AM UTC
rate	1462	482	482	0	0	481	0	0	0	0	0	1445	0	0		Wed 26 Sep 2018 06:41:59 AM UTC
rate	1465	487	486	0	0	486	0	0	0	0	0	1461	0	0		Wed 26 Sep 2018 06:42:30 AM UTC
rate	1453	483	484	0	0	484	0	0	0	0	0	1452	0	0		Wed 26 Sep 2018 06:43:00 AM UTC
rate	1453	484	483	0	0	484	0	0	0	0	0	1452	0	0		Wed 26 Sep 2018 06:43:30 AM UTC
rate	1453	483	484	0	0	483	0	0	0	0	0	1451	0	0		Wed 26 Sep 2018 06:44:00 AM UTC
rate	1408	468	469	0	0	469	0	0	0	0	0	1407	0	0		Wed 26 Sep 2018 06:44:30 AM UTC
rate	1407	468	468	0	0	468	0	0	0	0	0	1405	0	0		Wed 26 Sep 2018 06:45:01 AM UTC
rate	1408	468	469	0	0	469	0	0	0	0	0	1406	0	0		Wed 26 Sep 2018 06:45:31 AM UTC
rate	1399	465	465	0	0	465	0	0	0	0	0	1396	0	0		Wed 26 Sep 2018 06:46:01 AM UTC
rate	1399	466	466	0	0	465	0	0	0	0	0	1398	0	0		Wed 26 Sep 2018 06:46:31 AM UTC
rate	1398	462	462	0	0	462	0	0	0	0	0	1386	0	0		Wed 26 Sep 2018 06:47:01 AM UTC
rate	1388	461	462	0	0	462	0	0	0	0	0	1386	0	0		Wed 26 Sep 2018 06:47:31 AM UTC
rate	1389	462	462	0	0	462	0	0	0	0	0	1386	0	0		Wed 26 Sep 2018 06:48:02 AM UTC
rate	1388	461	462	0	0	462	0	0	0	0	0	1386	0	0		Wed 26 Sep 2018 06:48:32 AM UTC
rate	1079	359	360	0	0	360	0	0	0	0	0	1079	0	0		Wed 26 Sep 2018 06:49:02 AM UTC
rate	1080	356	357	0	0	356	0	0	0	0	0	1071	0	0		Wed 26 Sep 2018 06:49:32 AM UTC
rate	1079	360	359	0	0	360	0	0	0	0	0	1079	0	0		Wed 26 Sep 2018 06:50:02 AM UTC
rate	1049	349	348	0	0	349	0	0	0	0	0	1048	0	0		Wed 26 Sep 2018 06:50:32 AM UTC
rate	1049	348	348	0	0	349	0	0	0	0	0	1047	0	0		Wed 26 Sep 2018 06:51:03 AM UTC
rate	1049	350	349	0	0	349	0	0	0	0	0	1049	0	0		Wed 26 Sep 2018 06:51:33 AM UTC
rate	200	346	98	0	0	99	0	0	0	0	0	198	0	0		Wed 26 Sep 2018 06:52:03 AM UTC
rate	1040	0	520	0	0	520	0	0	0	0	0	1040	0	0		Wed 26 Sep 2018 06:52:33 AM UTC
rate	1039	0	518	0	0	518	0	0	0	0	0	1037	0	0		Wed 26 Sep 2018 06:53:03 AM UTC
rate	1038	0	518	0	0	518	0	0	0	0	0	1036	0	0		Wed 26 Sep 2018 06:53:33 AM UTC
rate	1030	0	514	0	0	514	0	0	0	0	0	1028	0	0		Wed 26 Sep 2018 06:54:04 AM UTC
rate	1029	0	513	0	0	514	0	0	0	0	0	1028	0	0		Wed 26 Sep 2018 06:54:34 AM UTC
rate	1029	0	514	0	0	514	0	0	0	0	0	1029	0	0		Wed 26 Sep 2018 06:55:04 AM UTC
rate	199	0	100	0	0	99	0	0	0	0	0	199	0	0		Wed 26 Sep 2018 06:55:34 AM UTC
rate	0	0	98	0	0	0	0	0	0	0	0	0	0	0		Wed 26 Sep 2018 06:56:04 AM UTC
rate	1019	0	0	0	0	1018	0	0	0	0	0	1018	0	0		Wed 26 Sep 2018 06:56:34 AM UTC
rate	1009	0	0	0	0	1000	0	0	0	0	0	1000	0	0		Wed 26 Sep 2018 06:57:05 AM UTC
rate	989	0	0	0	0	989	0	0	0	0	0	989	0	0		Wed 26 Sep 2018 06:57:35 AM UTC
rate	989	0	0	0	0	988	0	0	0	0	0	988	0	0		Wed 26 Sep 2018 06:58:05 AM UTC
rate	989	0	0	0	0	988	0	0	0	0	0	988	0	0		Wed 26 Sep 2018 06:58:35 AM UTC
rate	978	0	0	0	0	978	0	0	0	0	0	978	0	0		Wed 26 Sep 2018 06:59:05 AM UTC
rate	978	0	0	0	0	969	0	0	0	0	0	969	0	0		Wed 26 Sep 2018 06:59:35 AM UTC
rate	979	0	0	0	0	978	0	0	0	0	0	978	0	0		Wed 26 Sep 2018 07:00:06 AM UTC
rate	969	0	0	0	0	968	0	0	0	0	0	968	0	0		Wed 26 Sep 2018 07:00:36 AM UTC
rate	968	0	0	0	0	957	0	0	0	0	0	957	0	0		Wed 26 Sep 2018 07:01:06 AM UTC
rate	970	0	0	0	0	485	485	0	0	0	0	970	0	0		Wed 26 Sep 2018 07:01:36 AM UTC
rate	959	0	0	0	0	479	480	0	0	0	0	959	0	0		Wed 26 Sep 2018 07:02:06 AM UTC
rate	959	0	0	0	0	479	479	0	0	0	0	959	0	0		Wed 26 Sep 2018 07:02:36 AM UTC
rate	959	0	0	0	0	478	479	0	0	0	0	958	0	0		Wed 26 Sep 2018 07:03:07 AM UTC
rate	959	0	0	0	0	479	479	0	0	0	0	958	0	0		Wed 26 Sep 2018 07:03:37 AM UTC
rate	949	0	0	0	0	475	474	0	0	0	0	949	0	0		Wed 26 Sep 2018 07:04:07 AM UTC
rate	929	0	0	0	0	460	460	0	0	0	0	921	0	0		Wed 26 Sep 2018 07:04:37 AM UTC
rate	928	0	0	0	0	464	463	0	0	0	0	927	0	0		Wed 26 Sep 2018 07:05:07 AM UTC
rate	920	0	0	0	0	458	459	0	0	0	0	918	0	0		Wed 26 Sep 2018 07:05:37 AM UTC
rate	919	0	0	0	0	459	459	0	0	0	0	919	0	0		Wed 26 Sep 2018 07:06:08 AM UTC
rate	919	0	0	0	0	458	457	0	0	0	0	916	0	0		Wed 26 Sep 2018 07:06:38 AM UTC
rate	918	0	0	0	0	458	459	0	0	0	0	918	0	0		Wed 26 Sep 2018 07:07:08 AM UTC
rate	909	0	0	0	0	454	454	0	0	0	0	909	0	0		Wed 26 Sep 2018 07:07:38 AM UTC
rate	910	0	0	0	0	454	454	0	0	0	0	909	0	0		Wed 26 Sep 2018 07:08:08 AM UTC
rate	910	0	0	0	0	454	455	0	0	0	0	910	0	0		Wed 26 Sep 2018 07:08:38 AM UTC
rate	900	0	0	0	0	449	449	0	0	0	0	898	0	0		Wed 26 Sep 2018 07:09:09 AM UTC
rate	898	0	0	0	0	449	449	0	0	0	0	898	0	0		Wed 26 Sep 2018 07:09:39 AM UTC
rate	898	0	0	0	0	449	449	0	0	0	0	898	0	0		Wed 26 Sep 2018 07:10:09 AM UTC
rate	900	0	0	0	0	450	449	0	0	0	0	899	0	0		Wed 26 Sep 2018 07:10:39 AM UTC
rate	888	0	0	0	0	443	444	0	0	0	0	887	0	0		Wed 26 Sep 2018 07:11:09 AM UTC
rate	888	0	0	0	0	443	444	0	0	0	0	888	0	0		Wed 26 Sep 2018 07:11:39 AM UTC
rate	890	0	0	0	0	443	444	0	0	0	0	888	0	0		Wed 26 Sep 2018 07:12:10 AM UTC
rate	879	0	0	0	0	439	439	0	0	0	0	879	0	0		Wed 26 Sep 2018 07:12:40 AM UTC
rate	858	0	0	0	0	428	429	0	0	0	0	857	0	0		Wed 26 Sep 2018 07:13:10 AM UTC
rate	859	0	0	0	0	428	429	0	0	0	0	858	0	0		Wed 26 Sep 2018 07:13:40 AM UTC
rate	860	0	0	0	0	430	429	0	0	0	0	859	0	0		Wed 26 Sep 2018 07:14:10 AM UTC
rate	849	0	0	0	0	424	424	0	0	0	0	849	0	0		Wed 26 Sep 2018 07:14:41 AM UTC
rate	850	0	0	0	0	421	420	0	0	0	0	842	0	0		Wed 26 Sep 2018 07:15:11 AM UTC
rate	849	0	0	0	0	425	424	0	0	0	0	849	0	0		Wed 26 Sep 2018 07:15:41 AM UTC
rate	849	0	0	0	0	423	423	0	0	0	0	847	0	0		Wed 26 Sep 2018 07:16:11 AM UTC
rate	839	0	0	0	0	419	418	0	0	0	0	837	0	0		Wed 26 Sep 2018 07:16:41 AM UTC
rate	839	0	0	0	0	419	420	0	0	0	0	839	0	0		Wed 26 Sep 2018 07:17:11 AM UTC
rate	841	0	0	0	0	420	419	0	0	0	0	839	0	0		Wed 26 Sep 2018 07:17:41 AM UTC
rate	840	0	0	0	0	420	419	0	0	0	0	840	0	0		Wed 26 Sep 2018 07:18:12 AM UTC
rate	830	0	0	0	0	415	415	0	0	0	0	830	0	0		Wed 26 Sep 2018 07:18:42 AM UTC
rate	829	0	0	0	0	415	414	0	0	0	0	829	0	0		Wed 26 Sep 2018 07:19:12 AM UTC
rate	829	0	0	0	0	414	414	0	0	0	0	828	0	0		Wed 26 Sep 2018 07:19:42 AM UTC
rate	829	0	0	0	0	414	415	0	0	0	0	829	0	0		Wed 26 Sep 2018 07:20:12 AM UTC
rate	820	0	0	0	0	410	410	0	0	0	0	820	0	0		Wed 26 Sep 2018 07:20:42 AM UTC
rate	818	0	0	0	0	408	408	0	0	0	0	817	0	0		Wed 26 Sep 2018 07:21:13 AM UTC
rate	819	0	0	0	0	409	409	0	0	0	0	819	0	0		Wed 26 Sep 2018 07:21:43 AM UTC
rate	809	0	0	0	0	403	404	0	0	0	0	808	0	0		Wed 26 Sep 2018 07:22:13 AM UTC
rate	790	0	0	0	0	394	394	0	0	0	0	788	0	0		Wed 26 Sep 2018 07:22:43 AM UTC
rate	790	0	0	0	0	394	395	0	0	0	0	789	0	0		Wed 26 Sep 2018 07:23:13 AM UTC
rate	120	0	0	0	0	388	117	0	0	0	0	118	0	0		Wed 26 Sep 2018 07:23:43 AM UTC
rate	119	0	0	0	0	0	119	0	0	0	0	119	0	0		Wed 26 Sep 2018 07:24:14 AM UTC
rate	779	0	0	0	0	0	778	0	0	0	0	778	0	0		Wed 26 Sep 2018 07:24:44 AM UTC
rate	779	0	0	0	0	0	779	0	0	0	0	779	0	0		Wed 26 Sep 2018 07:25:14 AM UTC
rate	780	0	0	0	0	0	778	0	0	0	0	778	0	0		Wed 26 Sep 2018 07:25:44 AM UTC
rate	779	0	0	0	0	0	778	0	0	0	0	778	0	0		Wed 26 Sep 2018 07:26:14 AM UTC
rate	769	0	0	0	0	0	762	0	0	0	0	762	0	0		Wed 26 Sep 2018 07:26:44 AM UTC
rate	769	0	0	0	0	0	768	0	0	0	0	768	0	0		Wed 26 Sep 2018 07:27:15 AM UTC
rate	769	0	0	0	0	0	769	0	0	0	0	769	0	0		Wed 26 Sep 2018 07:27:45 AM UTC
rate	768	0	0	0	0	0	767	0	0	0	0	767	0	0		Wed 26 Sep 2018 07:28:15 AM UTC
rate	757	0	0	0	0	0	758	0	0	0	0	758	0	0		Wed 26 Sep 2018 07:28:45 AM UTC
rate	758	0	0	0	0	0	758	0	0	0	0	758	0	0		Wed 26 Sep 2018 07:29:15 AM UTC
rate	759	0	0	0	0	0	752	0	0	0	0	752	0	0		Wed 26 Sep 2018 07:29:45 AM UTC
rate	759	0	0	0	0	0	759	0	0	0	0	759	0	0		Wed 26 Sep 2018 07:30:16 AM UTC
rate	749	0	0	0	0	0	749	0	0	0	0	749	0	0		Wed 26 Sep 2018 07:30:46 AM UTC
rate	750	0	0	0	0	0	750	0	0	0	0	750	0	0		Wed 26 Sep 2018 07:31:16 AM UTC
rate	749	0	0	0	0	0	749	0	0	0	0	749	0	0		Wed 26 Sep 2018 07:31:46 AM UTC
rate	749	0	0	0	0	0	749	0	0	0	0	749	0	0		Wed 26 Sep 2018 07:32:16 AM UTC
rate	739	0	0	0	0	0	740	0	0	0	0	740	0	0		Wed 26 Sep 2018 07:32:46 AM UTC
rate	739	0	0	0	0	0	739	0	0	0	0	739	0	0		Wed 26 Sep 2018 07:33:16 AM UTC
rate	719	0	0	0	0	0	719	0	0	0	0	719	0	0		Wed 26 Sep 2018 07:33:47 AM UTC
rate	719	0	0	0	0	0	718	0	0	0	0	718	0	0		Wed 26 Sep 2018 07:34:17 AM UTC
rate	709	0	0	0	0	0	708	0	0	0	0	708	0	0		Wed 26 Sep 2018 07:34:47 AM UTC
rate	710	0	0	0	0	0	710	0	0	0	0	710	0	0		Wed 26 Sep 2018 07:35:17 AM UTC
rate	710	0	0	0	0	0	709	0	0	0	0	709	0	0		Wed 26 Sep 2018 07:35:47 AM UTC
rate	709	0	0	0	0	0	708	0	0	0	0	708	0	0		Wed 26 Sep 2018 07:36:17 AM UTC
rate	709	0	0	0	0	0	708	0	0	0	0	708	0	0		Wed 26 Sep 2018 07:36:48 AM UTC
rate	700	0	0	0	0	0	700	0	0	0	0	700	0	0		Wed 26 Sep 2018 07:37:18 AM UTC
rate	700	0	0	0	0	0	700	0	0	0	0	700	0	0		Wed 26 Sep 2018 07:37:48 AM UTC
rate	700	0	0	0	0	0	698	0	0	0	0	698	0	0		Wed 26 Sep 2018 07:38:18 AM UTC
rate	699	0	0	0	0	0	693	0	0	0	0	693	0	0		Wed 26 Sep 2018 07:38:48 AM UTC
rate	689	0	0	0	0	0	689	0	0	0	0	689	0	0		Wed 26 Sep 2018 07:39:18 AM UTC
rate	690	0	0	0	0	0	690	0	0	0	0	690	0	0		Wed 26 Sep 2018 07:39:49 AM UTC
rate	689	0	0	0	0	0	689	0	0	0	0	689	0	0		Wed 26 Sep 2018 07:40:19 AM UTC
rate	689	0	0	0	0	0	689	0	0	0	0	689	0	0		Wed 26 Sep 2018 07:40:49 AM UTC
rate	690	0	0	0	0	0	688	0	0	0	0	688	0	0		Wed 26 Sep 2018 07:41:19 AM UTC
rate	680	0	0	0	0	0	679	0	0	0	0	679	0	0		Wed 26 Sep 2018 07:41:49 AM UTC
rate	679	0	0	0	0	0	678	0	0	0	0	678	0	0		Wed 26 Sep 2018 07:42:19 AM UTC
rate	679	0	0	0	0	0	679	0	0	0	0	679	0	0		Wed 26 Sep 2018 07:42:50 AM UTC
rate	680	0	0	0	0	0	679	0	0	0	0	679	0	0		Wed 26 Sep 2018 07:43:20 AM UTC
rate	669	0	0	0	0	0	669	0	0	0	0	669	0	0		Wed 26 Sep 2018 07:43:50 AM UTC
rate	668	0	0	0	0	0	668	0	0	0	0	668	0	0		Wed 26 Sep 2018 07:44:20 AM UTC
rate	669	0	0	0	0	0	668	0	0	0	0	668	0	0		Wed 26 Sep 2018 07:44:50 AM UTC
rate	670	0	0	0	0	0	663	0	0	0	0	663	0	0		Wed 26 Sep 2018 07:45:20 AM UTC
rate	670	0	0	0	0	0	669	0	0	0	0	669	0	0		Wed 26 Sep 2018 07:45:51 AM UTC
rate	659	0	0	0	0	0	658	0	0	0	0	658	0	0		Wed 26 Sep 2018 07:46:21 AM UTC
rate	560	0	0	0	0	0	559	0	0	0	0	559	0	0		Wed 26 Sep 2018 07:46:51 AM UTC
rate	558	0	0	0	0	0	558	0	0	0	0	558	0	0		Wed 26 Sep 2018 07:47:21 AM UTC
rate	559	0	0	0	0	0	559	0	0	0	0	559	0	0		Wed 26 Sep 2018 07:47:51 AM UTC
rate	559	0	0	0	0	0	559	0	0	0	0	559	0	0		Wed 26 Sep 2018 07:48:21 AM UTC
rate	549	0	0	0	0	0	548	0	0	0	0	548	0	0		Wed 26 Sep 2018 07:48:52 AM UTC
rate	549	0	0	0	0	0	548	0	0	0	0	548	0	0		Wed 26 Sep 2018 07:49:22 AM UTC
rate	549	0	0	0	0	0	549	0	0	0	0	549	0	0		Wed 26 Sep 2018 07:49:52 AM UTC
rate	550	0	0	0	0	0	549	0	0	0	0	549	0	0		Wed 26 Sep 2018 07:50:22 AM UTC
rate	539	0	0	0	0	0	538	0	0	0	0	538	0	0		Wed 26 Sep 2018 07:50:52 AM UTC
rate	539	0	0	0	0	0	533	0	0	0	0	533	0	0		Wed 26 Sep 2018 07:51:22 AM UTC
rate	539	0	0	0	0	0	539	0	0	0	0	539	0	0		Wed 26 Sep 2018 07:51:52 AM UTC
rate	540	0	0	0	0	0	540	0	0	0	0	540	0	0		Wed 26 Sep 2018 07:52:23 AM UTC
rate	539	0	0	0	0	0	539	0	0	0	0	539	0	0		Wed 26 Sep 2018 07:52:53 AM UTC
rate	529	0	0	0	0	0	523	0	0	0	0	523	0	0		Wed 26 Sep 2018 07:53:23 AM UTC
rate	529	0	0	0	0	0	528	0	0	0	0	528	0	0		Wed 26 Sep 2018 07:53:53 AM UTC
rate	529	0	0	0	0	0	528	0	0	0	0	528	0	0		Wed 26 Sep 2018 07:54:23 AM UTC
rate	529	0	0	0	0	0	529	0	0	0	0	529	0	0		Wed 26 Sep 2018 07:54:53 AM UTC
rate	529	0	0	0	0	0	523	0	0	0	0	523	0	0		Wed 26 Sep 2018 07:55:24 AM UTC
rate	519	0	0	0	0	0	513	0	0	0	0	513	0	0		Wed 26 Sep 2018 07:55:54 AM UTC
rate	519	0	0	0	0	0	519	0	0	0	0	519	0	0		Wed 26 Sep 2018 07:56:24 AM UTC
rate	520	0	0	0	0	0	519	0	0	0	0	519	0	0		Wed 26 Sep 2018 07:56:54 AM UTC
rate	520	0	0	0	0	0	520	0	0	0	0	520	0	0		Wed 26 Sep 2018 07:57:24 AM UTC
rate	520	0	0	0	0	0	520	0	0	0	0	520	0	0		Wed 26 Sep 2018 07:57:54 AM UTC
rate	508	0	0	0	0	0	508	0	0	0	0	508	0	0		Wed 26 Sep 2018 07:58:25 AM UTC
rate	509	0	0	0	0	0	508	0	0	0	0	508	0	0		Wed 26 Sep 2018 07:58:55 AM UTC
rate	509	0	0	0	0	0	509	0	0	0	0	509	0	0		Wed 26 Sep 2018 07:59:25 AM UTC
rate	509	0	0	0	0	0	503	0	0	0	0	503	0	0		Wed 26 Sep 2018 07:59:55 AM UTC
rate	508	0	0	0	0	0	508	0	0	0	0	508	0	0		Wed 26 Sep 2018 08:00:25 AM UTC
rate	509	0	0	0	0	0	508	0	0	0	0	508	0	0		Wed 26 Sep 2018 08:00:55 AM UTC
rate	499	0	0	0	0	0	497	0	0	0	0	497	0	0		Wed 26 Sep 2018 08:01:25 AM UTC
rate	498	0	0	0	0	0	498	0	0	0	0	498	0	0		Wed 26 Sep 2018 08:01:56 AM UTC
rate	499	0	0	0	0	0	499	0	0	0	0	499	0	0		Wed 26 Sep 2018 08:02:26 AM UTC
rate	499	0	0	0	0	0	498	0	0	0	0	498	0	0		Wed 26 Sep 2018 08:02:56 AM UTC
rate	500	0	0	0	0	0	499	0	0	0	0	499	0	0		Wed 26 Sep 2018 08:03:26 AM UTC
rate	0	0	0	0	0	0	0	0	0	0	0	0	0	0		Wed 26 Sep 2018 08:03:56 AM UTC
rate	0	0	0	0	0	0	0	0	0	0	0	0	0	0		Wed 26 Sep 2018 08:04:26 AM UTC
rate	0	0	0	0	0	0	0	0	0	0	0	0	0	0		Wed 26 Sep 2018 08:04:57 AM UTC
